This is pdfTeX, Version 3.141592653-2.6-1.40.27 (TeX Live 2025) (preloaded format=pdflatex 2026.2.19)  15 MAY 2026 04:39
entering extended mode
 restricted \write18 enabled.
 %&-line parsing enabled.
**main.tex
(./main.tex
LaTeX2e <2024-11-01> patch level 2
L3 programming layer <2025-01-18>
(/usr/local/texlive/2025/texmf-dist/tex/latex/base/report.cls
Document Class: report 2024/06/29 v1.4n Standard LaTeX document class
(/usr/local/texlive/2025/texmf-dist/tex/latex/base/size12.clo
File: size12.clo 2024/06/29 v1.4n Standard LaTeX file (size option)
)
\c@part=\count196
\c@chapter=\count197
\c@section=\count198
\c@subsection=\count199
\c@subsubsection=\count266
\c@paragraph=\count267
\c@subparagraph=\count268
\c@figure=\count269
\c@table=\count270
\abovecaptionskip=\skip49
\belowcaptionskip=\skip50
\bibindent=\dimen141
) (./preamble.tex (/usr/local/texlive/2025/texmf-dist/tex/latex/base/fontenc.st
y
Package: fontenc 2021/04/29 v2.0v Standard LaTeX package
)
(/usr/local/texlive/2025/texmf-dist/tex/latex/base/inputenc.sty
Package: inputenc 2024/02/08 v1.3d Input encoding file
\inpenc@prehook=\toks17
\inpenc@posthook=\toks18
)
(/usr/local/texlive/2025/texmf-dist/tex/latex/psnfss/mathpazo.sty
Package: mathpazo 2020/03/25 PSNFSS-v9.3 Palatino w/ Pazo Math (D.Puga, WaS) 
\symupright=\mathgroup4
)
(/usr/local/texlive/2025/texmf-dist/tex/latex/microtype/microtype.sty
Package: microtype 2025/02/11 v3.2a Micro-typographical refinements (RS)

(/usr/local/texlive/2025/texmf-dist/tex/latex/graphics/keyval.sty
Package: keyval 2022/05/29 v1.15 key=value parser (DPC)
\KV@toks@=\toks19
)
(/usr/local/texlive/2025/texmf-dist/tex/latex/etoolbox/etoolbox.sty
Package: etoolbox 2025/02/11 v2.5l e-TeX tools for LaTeX (JAW)
\etb@tempcnta=\count271
)
\MT@toks=\toks20
\MT@tempbox=\box52
\MT@count=\count272
LaTeX Info: Redefining \noprotrusionifhmode on input line 1087.
LaTeX Info: Redefining \leftprotrusion on input line 1088.
\MT@prot@toks=\toks21
LaTeX Info: Redefining \rightprotrusion on input line 1107.
LaTeX Info: Redefining \textls on input line 1449.
\MT@outer@kern=\dimen142
LaTeX Info: Redefining \microtypecontext on input line 2053.
LaTeX Info: Redefining \textmicrotypecontext on input line 2070.
\MT@listname@count=\count273

(/usr/local/texlive/2025/texmf-dist/tex/latex/microtype/microtype-pdftex.def
File: microtype-pdftex.def 2025/02/11 v3.2a Definitions specific to pdftex (RS)

LaTeX Info: Redefining \lsstyle on input line 944.
LaTeX Info: Redefining \lslig on input line 944.
\MT@outer@space=\skip51
)
Package microtype Info: Loading configuration file microtype.cfg.

(/usr/local/texlive/2025/texmf-dist/tex/latex/microtype/microtype.cfg
File: microtype.cfg 2025/02/11 v3.2a microtype main configuration file (RS)
)
LaTeX Info: Redefining \microtypesetup on input line 3065.
)
(/usr/local/texlive/2025/texmf-dist/tex/latex/geometry/geometry.sty
Package: geometry 2020/01/02 v5.9 Page Geometry

(/usr/local/texlive/2025/texmf-dist/tex/generic/iftex/ifvtex.sty
Package: ifvtex 2019/10/25 v1.7 ifvtex legacy package. Use iftex instead.

(/usr/local/texlive/2025/texmf-dist/tex/generic/iftex/iftex.sty
Package: iftex 2024/12/12 v1.0g TeX engine tests
))
\Gm@cnth=\count274
\Gm@cntv=\count275
\c@Gm@tempcnt=\count276
\Gm@bindingoffset=\dimen143
\Gm@wd@mp=\dimen144
\Gm@odd@mp=\dimen145
\Gm@even@mp=\dimen146
\Gm@layoutwidth=\dimen147
\Gm@layoutheight=\dimen148
\Gm@layouthoffset=\dimen149
\Gm@layoutvoffset=\dimen150
\Gm@dimlist=\toks22
)
(/usr/local/texlive/2025/texmf-dist/tex/latex/amsmath/amsmath.sty
Package: amsmath 2024/11/05 v2.17t AMS math features
\@mathmargin=\skip52

For additional information on amsmath, use the `?' option.
(/usr/local/texlive/2025/texmf-dist/tex/latex/amsmath/amstext.sty
Package: amstext 2021/08/26 v2.01 AMS text

(/usr/local/texlive/2025/texmf-dist/tex/latex/amsmath/amsgen.sty
File: amsgen.sty 1999/11/30 v2.0 generic functions
\@emptytoks=\toks23
\ex@=\dimen151
))
(/usr/local/texlive/2025/texmf-dist/tex/latex/amsmath/amsbsy.sty
Package: amsbsy 1999/11/29 v1.2d Bold Symbols
\pmbraise@=\dimen152
)
(/usr/local/texlive/2025/texmf-dist/tex/latex/amsmath/amsopn.sty
Package: amsopn 2022/04/08 v2.04 operator names
)
\inf@bad=\count277
LaTeX Info: Redefining \frac on input line 233.
\uproot@=\count278
\leftroot@=\count279
LaTeX Info: Redefining \overline on input line 398.
LaTeX Info: Redefining \colon on input line 409.
\classnum@=\count280
\DOTSCASE@=\count281
LaTeX Info: Redefining \ldots on input line 495.
LaTeX Info: Redefining \dots on input line 498.
LaTeX Info: Redefining \cdots on input line 619.
\Mathstrutbox@=\box53
\strutbox@=\box54
LaTeX Info: Redefining \big on input line 721.
LaTeX Info: Redefining \Big on input line 722.
LaTeX Info: Redefining \bigg on input line 723.
LaTeX Info: Redefining \Bigg on input line 724.
\big@size=\dimen153
LaTeX Font Info:    Redeclaring font encoding OML on input line 742.
LaTeX Font Info:    Redeclaring font encoding OMS on input line 743.
\macc@depth=\count282
LaTeX Info: Redefining \bmod on input line 904.
LaTeX Info: Redefining \pmod on input line 909.
LaTeX Info: Redefining \smash on input line 939.
LaTeX Info: Redefining \relbar on input line 969.
LaTeX Info: Redefining \Relbar on input line 970.
\c@MaxMatrixCols=\count283
\dotsspace@=\muskip17
\c@parentequation=\count284
\dspbrk@lvl=\count285
\tag@help=\toks24
\row@=\count286
\column@=\count287
\maxfields@=\count288
\andhelp@=\toks25
\eqnshift@=\dimen154
\alignsep@=\dimen155
\tagshift@=\dimen156
\tagwidth@=\dimen157
\totwidth@=\dimen158
\lineht@=\dimen159
\@envbody=\toks26
\multlinegap=\skip53
\multlinetaggap=\skip54
\mathdisplay@stack=\toks27
LaTeX Info: Redefining \[ on input line 2953.
LaTeX Info: Redefining \] on input line 2954.
)
(/usr/local/texlive/2025/texmf-dist/tex/latex/amsfonts/amssymb.sty
Package: amssymb 2013/01/14 v3.01 AMS font symbols

(/usr/local/texlive/2025/texmf-dist/tex/latex/amsfonts/amsfonts.sty
Package: amsfonts 2013/01/14 v3.01 Basic AMSFonts support
\symAMSa=\mathgroup5
\symAMSb=\mathgroup6
LaTeX Font Info:    Redeclaring math symbol \hbar on input line 98.
LaTeX Font Info:    Overwriting math alphabet `\mathfrak' in version `bold'
(Font)                  U/euf/m/n --> U/euf/b/n on input line 106.
))
(/usr/local/texlive/2025/texmf-dist/tex/latex/tools/bm.sty
Package: bm 2023/12/19 v1.2f Bold Symbol Support (DPC/FMi)
\symboldoperators=\mathgroup7
\symboldletters=\mathgroup8
\symboldsymbols=\mathgroup9
Package bm Info: No bold for \OMX/zplm/m/n, using \pmb.
\symboldupright=\mathgroup10
Package bm Info: No bold for \U/msa/m/n, using \pmb.
Package bm Info: No bold for \U/msb/m/n, using \pmb.
LaTeX Font Info:    Redeclaring math alphabet \mathbf on input line 149.
)
(/usr/local/texlive/2025/texmf-dist/tex/latex/xcolor/xcolor.sty
Package: xcolor 2024/09/29 v3.02 LaTeX color extensions (UK)

(/usr/local/texlive/2025/texmf-dist/tex/latex/graphics-cfg/color.cfg
File: color.cfg 2016/01/02 v1.6 sample color configuration
)
Package xcolor Info: Driver file: pdftex.def on input line 274.

(/usr/local/texlive/2025/texmf-dist/tex/latex/graphics-def/pdftex.def
File: pdftex.def 2024/04/13 v1.2c Graphics/color driver for pdftex
)
(/usr/local/texlive/2025/texmf-dist/tex/latex/graphics/mathcolor.ltx)
Package xcolor Info: Model `cmy' substituted by `cmy0' on input line 1349.
Package xcolor Info: Model `hsb' substituted by `rgb' on input line 1353.
Package xcolor Info: Model `RGB' extended on input line 1365.
Package xcolor Info: Model `HTML' substituted by `rgb' on input line 1367.
Package xcolor Info: Model `Hsb' substituted by `hsb' on input line 1368.
Package xcolor Info: Model `tHsb' substituted by `hsb' on input line 1369.
Package xcolor Info: Model `HSB' substituted by `hsb' on input line 1370.
Package xcolor Info: Model `Gray' substituted by `gray' on input line 1371.
Package xcolor Info: Model `wave' substituted by `hsb' on input line 1372.
)
(/usr/local/texlive/2025/texmf-dist/tex/latex/graphics/graphicx.sty
Package: graphicx 2021/09/16 v1.2d Enhanced LaTeX Graphics (DPC,SPQR)

(/usr/local/texlive/2025/texmf-dist/tex/latex/graphics/graphics.sty
Package: graphics 2024/08/06 v1.4g Standard LaTeX Graphics (DPC,SPQR)

(/usr/local/texlive/2025/texmf-dist/tex/latex/graphics/trig.sty
Package: trig 2023/12/02 v1.11 sin cos tan (DPC)
)
(/usr/local/texlive/2025/texmf-dist/tex/latex/graphics-cfg/graphics.cfg
File: graphics.cfg 2016/06/04 v1.11 sample graphics configuration
)
Package graphics Info: Driver file: pdftex.def on input line 106.
)
\Gin@req@height=\dimen160
\Gin@req@width=\dimen161
)
(/usr/local/texlive/2025/texmf-dist/tex/latex/pgf/frontendlayer/tikz.sty
(/usr/local/texlive/2025/texmf-dist/tex/latex/pgf/basiclayer/pgf.sty
(/usr/local/texlive/2025/texmf-dist/tex/latex/pgf/utilities/pgfrcs.sty
(/usr/local/texlive/2025/texmf-dist/tex/generic/pgf/utilities/pgfutil-common.te
x
\pgfutil@everybye=\toks28
\pgfutil@tempdima=\dimen162
\pgfutil@tempdimb=\dimen163
)
(/usr/local/texlive/2025/texmf-dist/tex/generic/pgf/utilities/pgfutil-latex.def
\pgfutil@abb=\box55
) (/usr/local/texlive/2025/texmf-dist/tex/generic/pgf/utilities/pgfrcs.code.tex
(/usr/local/texlive/2025/texmf-dist/tex/generic/pgf/pgf.revision.tex)
Package: pgfrcs 2023-01-15 v3.1.10 (3.1.10)
))
Package: pgf 2023-01-15 v3.1.10 (3.1.10)

(/usr/local/texlive/2025/texmf-dist/tex/latex/pgf/basiclayer/pgfcore.sty
(/usr/local/texlive/2025/texmf-dist/tex/latex/pgf/systemlayer/pgfsys.sty
(/usr/local/texlive/2025/texmf-dist/tex/generic/pgf/systemlayer/pgfsys.code.tex
Package: pgfsys 2023-01-15 v3.1.10 (3.1.10)
(/usr/local/texlive/2025/texmf-dist/tex/generic/pgf/utilities/pgfkeys.code.tex
\pgfkeys@pathtoks=\toks29
\pgfkeys@temptoks=\toks30

(/usr/local/texlive/2025/texmf-dist/tex/generic/pgf/utilities/pgfkeyslibraryfil
tered.code.tex
\pgfkeys@tmptoks=\toks31
))
\pgf@x=\dimen164
\pgf@y=\dimen165
\pgf@xa=\dimen166
\pgf@ya=\dimen167
\pgf@xb=\dimen168
\pgf@yb=\dimen169
\pgf@xc=\dimen170
\pgf@yc=\dimen171
\pgf@xd=\dimen172
\pgf@yd=\dimen173
\w@pgf@writea=\write3
\r@pgf@reada=\read2
\c@pgf@counta=\count289
\c@pgf@countb=\count290
\c@pgf@countc=\count291
\c@pgf@countd=\count292
\t@pgf@toka=\toks32
\t@pgf@tokb=\toks33
\t@pgf@tokc=\toks34
\pgf@sys@id@count=\count293

(/usr/local/texlive/2025/texmf-dist/tex/generic/pgf/systemlayer/pgf.cfg
File: pgf.cfg 2023-01-15 v3.1.10 (3.1.10)
)
Driver file for pgf: pgfsys-pdftex.def

(/usr/local/texlive/2025/texmf-dist/tex/generic/pgf/systemlayer/pgfsys-pdftex.d
ef
File: pgfsys-pdftex.def 2023-01-15 v3.1.10 (3.1.10)

(/usr/local/texlive/2025/texmf-dist/tex/generic/pgf/systemlayer/pgfsys-common-p
df.def
File: pgfsys-common-pdf.def 2023-01-15 v3.1.10 (3.1.10)
)))
(/usr/local/texlive/2025/texmf-dist/tex/generic/pgf/systemlayer/pgfsyssoftpath.
code.tex
File: pgfsyssoftpath.code.tex 2023-01-15 v3.1.10 (3.1.10)
\pgfsyssoftpath@smallbuffer@items=\count294
\pgfsyssoftpath@bigbuffer@items=\count295
)
(/usr/local/texlive/2025/texmf-dist/tex/generic/pgf/systemlayer/pgfsysprotocol.
code.tex
File: pgfsysprotocol.code.tex 2023-01-15 v3.1.10 (3.1.10)
))
(/usr/local/texlive/2025/texmf-dist/tex/generic/pgf/basiclayer/pgfcore.code.tex
Package: pgfcore 2023-01-15 v3.1.10 (3.1.10)
(/usr/local/texlive/2025/texmf-dist/tex/generic/pgf/math/pgfmath.code.tex
(/usr/local/texlive/2025/texmf-dist/tex/generic/pgf/math/pgfmathutil.code.tex)
(/usr/local/texlive/2025/texmf-dist/tex/generic/pgf/math/pgfmathparser.code.tex
\pgfmath@dimen=\dimen174
\pgfmath@count=\count296
\pgfmath@box=\box56
\pgfmath@toks=\toks35
\pgfmath@stack@operand=\toks36
\pgfmath@stack@operation=\toks37
)
(/usr/local/texlive/2025/texmf-dist/tex/generic/pgf/math/pgfmathfunctions.code.
tex)
(/usr/local/texlive/2025/texmf-dist/tex/generic/pgf/math/pgfmathfunctions.basic
.code.tex)
(/usr/local/texlive/2025/texmf-dist/tex/generic/pgf/math/pgfmathfunctions.trigo
nometric.code.tex)
(/usr/local/texlive/2025/texmf-dist/tex/generic/pgf/math/pgfmathfunctions.rando
m.code.tex)
(/usr/local/texlive/2025/texmf-dist/tex/generic/pgf/math/pgfmathfunctions.compa
rison.code.tex)
(/usr/local/texlive/2025/texmf-dist/tex/generic/pgf/math/pgfmathfunctions.base.
code.tex)
(/usr/local/texlive/2025/texmf-dist/tex/generic/pgf/math/pgfmathfunctions.round
.code.tex)
(/usr/local/texlive/2025/texmf-dist/tex/generic/pgf/math/pgfmathfunctions.misc.
code.tex)
(/usr/local/texlive/2025/texmf-dist/tex/generic/pgf/math/pgfmathfunctions.integ
erarithmetics.code.tex)
(/usr/local/texlive/2025/texmf-dist/tex/generic/pgf/math/pgfmathcalc.code.tex)
(/usr/local/texlive/2025/texmf-dist/tex/generic/pgf/math/pgfmathfloat.code.tex
\c@pgfmathroundto@lastzeros=\count297
)) (/usr/local/texlive/2025/texmf-dist/tex/generic/pgf/math/pgfint.code.tex)
(/usr/local/texlive/2025/texmf-dist/tex/generic/pgf/basiclayer/pgfcorepoints.co
de.tex
File: pgfcorepoints.code.tex 2023-01-15 v3.1.10 (3.1.10)
\pgf@picminx=\dimen175
\pgf@picmaxx=\dimen176
\pgf@picminy=\dimen177
\pgf@picmaxy=\dimen178
\pgf@pathminx=\dimen179
\pgf@pathmaxx=\dimen180
\pgf@pathminy=\dimen181
\pgf@pathmaxy=\dimen182
\pgf@xx=\dimen183
\pgf@xy=\dimen184
\pgf@yx=\dimen185
\pgf@yy=\dimen186
\pgf@zx=\dimen187
\pgf@zy=\dimen188
)
(/usr/local/texlive/2025/texmf-dist/tex/generic/pgf/basiclayer/pgfcorepathconst
ruct.code.tex
File: pgfcorepathconstruct.code.tex 2023-01-15 v3.1.10 (3.1.10)
\pgf@path@lastx=\dimen189
\pgf@path@lasty=\dimen190
)
(/usr/local/texlive/2025/texmf-dist/tex/generic/pgf/basiclayer/pgfcorepathusage
.code.tex
File: pgfcorepathusage.code.tex 2023-01-15 v3.1.10 (3.1.10)
\pgf@shorten@end@additional=\dimen191
\pgf@shorten@start@additional=\dimen192
)
(/usr/local/texlive/2025/texmf-dist/tex/generic/pgf/basiclayer/pgfcorescopes.co
de.tex
File: pgfcorescopes.code.tex 2023-01-15 v3.1.10 (3.1.10)
\pgfpic=\box57
\pgf@hbox=\box58
\pgf@layerbox@main=\box59
\pgf@picture@serial@count=\count298
)
(/usr/local/texlive/2025/texmf-dist/tex/generic/pgf/basiclayer/pgfcoregraphicst
ate.code.tex
File: pgfcoregraphicstate.code.tex 2023-01-15 v3.1.10 (3.1.10)
\pgflinewidth=\dimen193
)
(/usr/local/texlive/2025/texmf-dist/tex/generic/pgf/basiclayer/pgfcoretransform
ations.code.tex
File: pgfcoretransformations.code.tex 2023-01-15 v3.1.10 (3.1.10)
\pgf@pt@x=\dimen194
\pgf@pt@y=\dimen195
\pgf@pt@temp=\dimen196
)
(/usr/local/texlive/2025/texmf-dist/tex/generic/pgf/basiclayer/pgfcorequick.cod
e.tex
File: pgfcorequick.code.tex 2023-01-15 v3.1.10 (3.1.10)
)
(/usr/local/texlive/2025/texmf-dist/tex/generic/pgf/basiclayer/pgfcoreobjects.c
ode.tex
File: pgfcoreobjects.code.tex 2023-01-15 v3.1.10 (3.1.10)
)
(/usr/local/texlive/2025/texmf-dist/tex/generic/pgf/basiclayer/pgfcorepathproce
ssing.code.tex
File: pgfcorepathprocessing.code.tex 2023-01-15 v3.1.10 (3.1.10)
)
(/usr/local/texlive/2025/texmf-dist/tex/generic/pgf/basiclayer/pgfcorearrows.co
de.tex
File: pgfcorearrows.code.tex 2023-01-15 v3.1.10 (3.1.10)
\pgfarrowsep=\dimen197
)
(/usr/local/texlive/2025/texmf-dist/tex/generic/pgf/basiclayer/pgfcoreshade.cod
e.tex
File: pgfcoreshade.code.tex 2023-01-15 v3.1.10 (3.1.10)
\pgf@max=\dimen198
\pgf@sys@shading@range@num=\count299
\pgf@shadingcount=\count300
)
(/usr/local/texlive/2025/texmf-dist/tex/generic/pgf/basiclayer/pgfcoreimage.cod
e.tex
File: pgfcoreimage.code.tex 2023-01-15 v3.1.10 (3.1.10)
)
(/usr/local/texlive/2025/texmf-dist/tex/generic/pgf/basiclayer/pgfcoreexternal.
code.tex
File: pgfcoreexternal.code.tex 2023-01-15 v3.1.10 (3.1.10)
\pgfexternal@startupbox=\box60
)
(/usr/local/texlive/2025/texmf-dist/tex/generic/pgf/basiclayer/pgfcorelayers.co
de.tex
File: pgfcorelayers.code.tex 2023-01-15 v3.1.10 (3.1.10)
)
(/usr/local/texlive/2025/texmf-dist/tex/generic/pgf/basiclayer/pgfcoretranspare
ncy.code.tex
File: pgfcoretransparency.code.tex 2023-01-15 v3.1.10 (3.1.10)
)
(/usr/local/texlive/2025/texmf-dist/tex/generic/pgf/basiclayer/pgfcorepatterns.
code.tex
File: pgfcorepatterns.code.tex 2023-01-15 v3.1.10 (3.1.10)
)
(/usr/local/texlive/2025/texmf-dist/tex/generic/pgf/basiclayer/pgfcorerdf.code.
tex
File: pgfcorerdf.code.tex 2023-01-15 v3.1.10 (3.1.10)
)))
(/usr/local/texlive/2025/texmf-dist/tex/generic/pgf/modules/pgfmoduleshapes.cod
e.tex
File: pgfmoduleshapes.code.tex 2023-01-15 v3.1.10 (3.1.10)
\pgfnodeparttextbox=\box61
)
(/usr/local/texlive/2025/texmf-dist/tex/generic/pgf/modules/pgfmoduleplot.code.
tex
File: pgfmoduleplot.code.tex 2023-01-15 v3.1.10 (3.1.10)
)
(/usr/local/texlive/2025/texmf-dist/tex/latex/pgf/compatibility/pgfcomp-version
-0-65.sty
Package: pgfcomp-version-0-65 2023-01-15 v3.1.10 (3.1.10)
\pgf@nodesepstart=\dimen199
\pgf@nodesepend=\dimen256
)
(/usr/local/texlive/2025/texmf-dist/tex/latex/pgf/compatibility/pgfcomp-version
-1-18.sty
Package: pgfcomp-version-1-18 2023-01-15 v3.1.10 (3.1.10)
))
(/usr/local/texlive/2025/texmf-dist/tex/latex/pgf/utilities/pgffor.sty
(/usr/local/texlive/2025/texmf-dist/tex/latex/pgf/utilities/pgfkeys.sty
(/usr/local/texlive/2025/texmf-dist/tex/generic/pgf/utilities/pgfkeys.code.tex)
) (/usr/local/texlive/2025/texmf-dist/tex/latex/pgf/math/pgfmath.sty
(/usr/local/texlive/2025/texmf-dist/tex/generic/pgf/math/pgfmath.code.tex))
(/usr/local/texlive/2025/texmf-dist/tex/generic/pgf/utilities/pgffor.code.tex
Package: pgffor 2023-01-15 v3.1.10 (3.1.10)
\pgffor@iter=\dimen257
\pgffor@skip=\dimen258
\pgffor@stack=\toks38
\pgffor@toks=\toks39
))
(/usr/local/texlive/2025/texmf-dist/tex/generic/pgf/frontendlayer/tikz/tikz.cod
e.tex
Package: tikz 2023-01-15 v3.1.10 (3.1.10)

(/usr/local/texlive/2025/texmf-dist/tex/generic/pgf/libraries/pgflibraryplothan
dlers.code.tex
File: pgflibraryplothandlers.code.tex 2023-01-15 v3.1.10 (3.1.10)
\pgf@plot@mark@count=\count301
\pgfplotmarksize=\dimen259
)
\tikz@lastx=\dimen260
\tikz@lasty=\dimen261
\tikz@lastxsaved=\dimen262
\tikz@lastysaved=\dimen263
\tikz@lastmovetox=\dimen264
\tikz@lastmovetoy=\dimen265
\tikzleveldistance=\dimen266
\tikzsiblingdistance=\dimen267
\tikz@figbox=\box62
\tikz@figbox@bg=\box63
\tikz@tempbox=\box64
\tikz@tempbox@bg=\box65
\tikztreelevel=\count302
\tikznumberofchildren=\count303
\tikznumberofcurrentchild=\count304
\tikz@fig@count=\count305

(/usr/local/texlive/2025/texmf-dist/tex/generic/pgf/modules/pgfmodulematrix.cod
e.tex
File: pgfmodulematrix.code.tex 2023-01-15 v3.1.10 (3.1.10)
\pgfmatrixcurrentrow=\count306
\pgfmatrixcurrentcolumn=\count307
\pgf@matrix@numberofcolumns=\count308
)
\tikz@expandcount=\count309

(/usr/local/texlive/2025/texmf-dist/tex/generic/pgf/frontendlayer/tikz/librarie
s/tikzlibrarytopaths.code.tex
File: tikzlibrarytopaths.code.tex 2023-01-15 v3.1.10 (3.1.10)
)))
(/usr/local/texlive/2025/texmf-dist/tex/generic/pgf/frontendlayer/tikz/librarie
s/tikzlibrarycalc.code.tex
File: tikzlibrarycalc.code.tex 2023-01-15 v3.1.10 (3.1.10)
)
(/usr/local/texlive/2025/texmf-dist/tex/generic/pgf/frontendlayer/tikz/librarie
s/tikzlibrarybackgrounds.code.tex
File: tikzlibrarybackgrounds.code.tex 2023-01-15 v3.1.10 (3.1.10)
\pgf@layerbox@background=\box66
\pgf@layerboxsaved@background=\box67
)
(/usr/local/texlive/2025/texmf-dist/tex/generic/pgf/libraries/pgflibraryarrows.
meta.code.tex
File: pgflibraryarrows.meta.code.tex 2023-01-15 v3.1.10 (3.1.10)
\pgfarrowinset=\dimen268
\pgfarrowlength=\dimen269
\pgfarrowwidth=\dimen270
\pgfarrowlinewidth=\dimen271
)
(/usr/local/texlive/2025/texmf-dist/tex/latex/tcolorbox/tcolorbox.sty
Package: tcolorbox 2024/10/22 version 6.4.1 text color boxes

(/usr/local/texlive/2025/texmf-dist/tex/latex/tools/verbatim.sty
Package: verbatim 2024-01-22 v1.5x LaTeX2e package for verbatim enhancements
\every@verbatim=\toks40
\verbatim@line=\toks41
\verbatim@in@stream=\read3
)
(/usr/local/texlive/2025/texmf-dist/tex/latex/environ/environ.sty
Package: environ 2014/05/04 v0.3 A new way to define environments

(/usr/local/texlive/2025/texmf-dist/tex/latex/trimspaces/trimspaces.sty
Package: trimspaces 2009/09/17 v1.1 Trim spaces around a token list
))
\tcb@titlebox=\box68
\tcb@upperbox=\box69
\tcb@lowerbox=\box70
\tcb@phantombox=\box71
\c@tcbbreakpart=\count310
\c@tcblayer=\count311
\c@tcolorbox@number=\count312
\l__tcobox_tmpa_box=\box72
\l__tcobox_tmpa_dim=\dimen272
\tcb@temp=\box73
\tcb@temp=\box74
\tcb@temp=\box75
\tcb@temp=\box76

(/usr/local/texlive/2025/texmf-dist/tex/latex/tcolorbox/tcbraster.code.tex
Library (tcolorbox): 'tcbraster.code.tex' version '6.4.1'
\c@tcbrastercolumn=\count313
\c@tcbrasterrow=\count314
\c@tcbrasternum=\count315
\c@tcbraster=\count316
) (/usr/local/texlive/2025/texmf-dist/tex/latex/tcolorbox/tcbskins.code.tex
Library (tcolorbox): 'tcbskins.code.tex' version '6.4.1'
(/usr/local/texlive/2025/texmf-dist/tex/latex/tikzfill/tikzfill.image.sty
Package: tikzfill.image 2023/08/08 v1.0.1 Image filling library for TikZ

(/usr/local/texlive/2025/texmf-dist/tex/latex/tikzfill/tikzfill-common.sty
Package: tikzfill-common 2023/08/08 v1.0.1 Auxiliary code for tikzfill
)
(/usr/local/texlive/2025/texmf-dist/tex/latex/tikzfill/tikzlibraryfill.image.co
de.tex
File: tikzlibraryfill.image.code.tex 2023/08/08 v1.0.1 Image filling library
\l__tikzfill_img_box=\box77
))
(/usr/local/texlive/2025/texmf-dist/tex/latex/tcolorbox/tcbskinsjigsaw.code.tex
Library (tcolorbox): 'tcbskinsjigsaw.code.tex' version '6.4.1'
))
(/usr/local/texlive/2025/texmf-dist/tex/latex/tcolorbox/tcbbreakable.code.tex
Library (tcolorbox): 'tcbbreakable.code.tex' version '6.4.1'
(/usr/local/texlive/2025/texmf-dist/tex/latex/pdfcol/pdfcol.sty
Package: pdfcol 2022-09-21 v1.7 Handle new color stacks for pdfTeX (HO)

(/usr/local/texlive/2025/texmf-dist/tex/generic/ltxcmds/ltxcmds.sty
Package: ltxcmds 2023-12-04 v1.26 LaTeX kernel commands for general use (HO)
)
(/usr/local/texlive/2025/texmf-dist/tex/generic/infwarerr/infwarerr.sty
Package: infwarerr 2019/12/03 v1.5 Providing info/warning/error messages (HO)
))
Package pdfcol Info: New color stack `tcb@breakable' = 1 on input line 23.
\tcb@testbox=\box78
\tcb@totalupperbox=\box79
\tcb@totallowerbox=\box80
)
(/usr/local/texlive/2025/texmf-dist/tex/latex/tcolorbox/tcbhooks.code.tex
Library (tcolorbox): 'tcbhooks.code.tex' version '6.4.1'
) (/usr/local/texlive/2025/texmf-dist/tex/latex/tcolorbox/tcbtheorems.code.tex
Library (tcolorbox): 'tcbtheorems.code.tex' version '6.4.1'
) (/usr/local/texlive/2025/texmf-dist/tex/latex/tcolorbox/tcbfitting.code.tex
Library (tcolorbox): 'tcbfitting.code.tex' version '6.4.1'
\tcbfitdim=\dimen273
\tcb@lowerfitdim=\dimen274
\tcb@upperfitdim=\dimen275
\tcb@cur@hbadness=\count317
)
(/usr/local/texlive/2025/texmf-dist/tex/latex/tcolorbox/tcblistingsutf8.code.te
x
Library (tcolorbox): 'tcblistingsutf8.code.tex' version '6.4.1'
(/usr/local/texlive/2025/texmf-dist/tex/latex/tcolorbox/tcblistings.code.tex
Library (tcolorbox): 'tcblistings.code.tex' version '6.4.1'
(/usr/local/texlive/2025/texmf-dist/tex/latex/listings/listings.sty
\lst@mode=\count318
\lst@gtempboxa=\box81
\lst@token=\toks42
\lst@length=\count319
\lst@currlwidth=\dimen276
\lst@column=\count320
\lst@pos=\count321
\lst@lostspace=\dimen277
\lst@width=\dimen278
\lst@newlines=\count322
\lst@lineno=\count323
\lst@maxwidth=\dimen279

(/usr/local/texlive/2025/texmf-dist/tex/latex/listings/lstpatch.sty
File: lstpatch.sty 2024/09/23 1.10c (Carsten Heinz)
)
(/usr/local/texlive/2025/texmf-dist/tex/latex/listings/lstmisc.sty
File: lstmisc.sty 2024/09/23 1.10c (Carsten Heinz)
\c@lstnumber=\count324
\lst@skipnumbers=\count325
\lst@framebox=\box82
)
(/usr/local/texlive/2025/texmf-dist/tex/latex/listings/listings.cfg
File: listings.cfg 2024/09/23 1.10c listings configuration
))
Package: listings 2024/09/23 1.10c (Carsten Heinz)

(/usr/local/texlive/2025/texmf-dist/tex/latex/tcolorbox/tcblistingscore.code.te
x
Library (tcolorbox): 'tcblistingscore.code.tex' version '6.4.1'
(/usr/local/texlive/2025/texmf-dist/tex/latex/tcolorbox/tcbprocessing.code.tex
Library (tcolorbox): 'tcbprocessing.code.tex' version '6.4.1'
)
\c@tcblisting=\count326
)) (/usr/local/texlive/2025/texmf-dist/tex/latex/listingsutf8/listingsutf8.sty
Package: listingsutf8 2019-12-10 v1.5 Allow UTF-8 in listings input (HO)
(/usr/local/texlive/2025/texmf-dist/tex/generic/pdftexcmds/pdftexcmds.sty
Package: pdftexcmds 2020-06-27 v0.33 Utility functions of pdfTeX for LuaTeX (HO
)
Package pdftexcmds Info: \pdf@primitive is available.
Package pdftexcmds Info: \pdf@ifprimitive is available.
Package pdftexcmds Info: \pdfdraftmode found.
)
(/usr/local/texlive/2025/texmf-dist/tex/generic/stringenc/stringenc.sty
Package: stringenc 2019/11/29 v1.12 Convert strings between diff. encodings (HO
)

(/usr/local/texlive/2025/texmf-dist/tex/generic/pdfescape/pdfescape.sty
Package: pdfescape 2019/12/09 v1.15 Implements pdfTeX's escape features (HO)
))))
(/usr/local/texlive/2025/texmf-dist/tex/latex/tcolorbox/tcbexternal.code.tex
Library (tcolorbox): 'tcbexternal.code.tex' version '6.4.1'
) (/usr/local/texlive/2025/texmf-dist/tex/latex/tcolorbox/tcbmagazine.code.tex
Library (tcolorbox): 'tcbmagazine.code.tex' version '6.4.1'
) (/usr/local/texlive/2025/texmf-dist/tex/latex/tcolorbox/tcbvignette.code.tex
Library (tcolorbox): 'tcbvignette.code.tex' version '6.4.1'

(/usr/local/texlive/2025/texmf-dist/tex/generic/pgf/frontendlayer/tikz/librarie
s/tikzlibraryfadings.code.tex
File: tikzlibraryfadings.code.tex 2023-01-15 v3.1.10 (3.1.10)

(/usr/local/texlive/2025/texmf-dist/tex/generic/pgf/libraries/pgflibraryfadings
.code.tex
File: pgflibraryfadings.code.tex 2023-01-15 v3.1.10 (3.1.10)
)))
(/usr/local/texlive/2025/texmf-dist/tex/latex/tcolorbox/tcbposter.code.tex
Library (tcolorbox): 'tcbposter.code.tex' version '6.4.1'
))
\c@tcb@cnt@example=\count327
 (/usr/local/texlive/2025/texmf-dist/tex/latex/titlesec/titlesec.sty
Package: titlesec 2025/01/04 v2.17 Sectioning titles
\ttl@box=\box83
\beforetitleunit=\skip55
\aftertitleunit=\skip56
\ttl@plus=\dimen280
\ttl@minus=\dimen281
\ttl@toksa=\toks43
\titlewidth=\dimen282
\titlewidthlast=\dimen283
\titlewidthfirst=\dimen284
)
(/usr/local/texlive/2025/texmf-dist/tex/latex/titlesec/titletoc.sty
Package: titletoc 2025/01/04 v2.17 TOC entries
\ttl@leftsep=\dimen285
)
(/usr/local/texlive/2025/texmf-dist/tex/latex/fancyhdr/fancyhdr.sty
Package: fancyhdr 2025/02/07 v5.2 Extensive control of page headers and footers

\f@nch@headwidth=\skip57
\f@nch@offset@elh=\skip58
\f@nch@offset@erh=\skip59
\f@nch@offset@olh=\skip60
\f@nch@offset@orh=\skip61
\f@nch@offset@elf=\skip62
\f@nch@offset@erf=\skip63
\f@nch@offset@olf=\skip64
\f@nch@offset@orf=\skip65
\f@nch@height=\skip66
\f@nch@footalignment=\skip67
\f@nch@widthL=\skip68
\f@nch@widthC=\skip69
\f@nch@widthR=\skip70
\@temptokenb=\toks44
)
(/usr/local/texlive/2025/texmf-dist/tex/latex/hyperref/hyperref.sty
Package: hyperref 2024-11-05 v7.01l Hypertext links for LaTeX

(/usr/local/texlive/2025/texmf-dist/tex/latex/kvsetkeys/kvsetkeys.sty
Package: kvsetkeys 2022-10-05 v1.19 Key value parser (HO)
)
(/usr/local/texlive/2025/texmf-dist/tex/generic/kvdefinekeys/kvdefinekeys.sty
Package: kvdefinekeys 2019-12-19 v1.6 Define keys (HO)
)
(/usr/local/texlive/2025/texmf-dist/tex/latex/hycolor/hycolor.sty
Package: hycolor 2020-01-27 v1.10 Color options for hyperref/bookmark (HO)
)
(/usr/local/texlive/2025/texmf-dist/tex/latex/hyperref/nameref.sty
Package: nameref 2023-11-26 v2.56 Cross-referencing by name of section

(/usr/local/texlive/2025/texmf-dist/tex/latex/refcount/refcount.sty
Package: refcount 2019/12/15 v3.6 Data extraction from label references (HO)
)
(/usr/local/texlive/2025/texmf-dist/tex/generic/gettitlestring/gettitlestring.s
ty
Package: gettitlestring 2019/12/15 v1.6 Cleanup title references (HO)
 (/usr/local/texlive/2025/texmf-dist/tex/latex/kvoptions/kvoptions.sty
Package: kvoptions 2022-06-15 v3.15 Key value format for package options (HO)
))
\c@section@level=\count328
)
\@linkdim=\dimen286
\Hy@linkcounter=\count329
\Hy@pagecounter=\count330

(/usr/local/texlive/2025/texmf-dist/tex/latex/hyperref/pd1enc.def
File: pd1enc.def 2024-11-05 v7.01l Hyperref: PDFDocEncoding definition (HO)
Now handling font encoding PD1 ...
... no UTF-8 mapping file for font encoding PD1
)
(/usr/local/texlive/2025/texmf-dist/tex/generic/intcalc/intcalc.sty
Package: intcalc 2019/12/15 v1.3 Expandable calculations with integers (HO)
)
\Hy@SavedSpaceFactor=\count331

(/usr/local/texlive/2025/texmf-dist/tex/latex/hyperref/puenc.def
File: puenc.def 2024-11-05 v7.01l Hyperref: PDF Unicode definition (HO)
Now handling font encoding PU ...
... no UTF-8 mapping file for font encoding PU
)
Package hyperref Info: Hyper figures OFF on input line 4157.
Package hyperref Info: Link nesting OFF on input line 4162.
Package hyperref Info: Hyper index ON on input line 4165.
Package hyperref Info: Plain pages OFF on input line 4172.
Package hyperref Info: Backreferencing OFF on input line 4177.
Package hyperref Info: Implicit mode ON; LaTeX internals redefined.
Package hyperref Info: Bookmarks ON on input line 4424.
\c@Hy@tempcnt=\count332

(/usr/local/texlive/2025/texmf-dist/tex/latex/url/url.sty
\Urlmuskip=\muskip18
Package: url 2013/09/16  ver 3.4  Verb mode for urls, etc.
)
LaTeX Info: Redefining \url on input line 4763.
\XeTeXLinkMargin=\dimen287

(/usr/local/texlive/2025/texmf-dist/tex/generic/bitset/bitset.sty
Package: bitset 2019/12/09 v1.3 Handle bit-vector datatype (HO)

(/usr/local/texlive/2025/texmf-dist/tex/generic/bigintcalc/bigintcalc.sty
Package: bigintcalc 2019/12/15 v1.5 Expandable calculations on big integers (HO
)
))
\Fld@menulength=\count333
\Field@Width=\dimen288
\Fld@charsize=\dimen289
Package hyperref Info: Hyper figures OFF on input line 6042.
Package hyperref Info: Link nesting OFF on input line 6047.
Package hyperref Info: Hyper index ON on input line 6050.
Package hyperref Info: backreferencing OFF on input line 6057.
Package hyperref Info: Link coloring OFF on input line 6062.
Package hyperref Info: Link coloring with OCG OFF on input line 6067.
Package hyperref Info: PDF/A mode OFF on input line 6072.

(/usr/local/texlive/2025/texmf-dist/tex/latex/base/atbegshi-ltx.sty
Package: atbegshi-ltx 2021/01/10 v1.0c Emulation of the original atbegshi
package with kernel methods
)
\Hy@abspage=\count334
\c@Item=\count335
\c@Hfootnote=\count336
)
Package hyperref Info: Driver (autodetected): hpdftex.

(/usr/local/texlive/2025/texmf-dist/tex/latex/hyperref/hpdftex.def
File: hpdftex.def 2024-11-05 v7.01l Hyperref driver for pdfTeX

(/usr/local/texlive/2025/texmf-dist/tex/latex/base/atveryend-ltx.sty
Package: atveryend-ltx 2020/08/19 v1.0a Emulation of the original atveryend pac
kage
with kernel methods
)
\Fld@listcount=\count337
\c@bookmark@seq@number=\count338

(/usr/local/texlive/2025/texmf-dist/tex/latex/rerunfilecheck/rerunfilecheck.sty
Package: rerunfilecheck 2022-07-10 v1.10 Rerun checks for auxiliary files (HO)

(/usr/local/texlive/2025/texmf-dist/tex/generic/uniquecounter/uniquecounter.sty
Package: uniquecounter 2019/12/15 v1.4 Provide unlimited unique counter (HO)
)
Package uniquecounter Info: New unique counter `rerunfilecheck' on input line 2
85.
)
\Hy@SectionHShift=\skip71
)
Package hyperref Info: Option `colorlinks' set `true' on input line 260.
 (/usr/local/texlive/2025/texmf-dist/tex/latex/biblatex/biblatex.sty
Package: biblatex 2024/03/21 v3.20 programmable bibliographies (PK/MW)

(/usr/local/texlive/2025/texmf-dist/tex/latex/logreq/logreq.sty
Package: logreq 2010/08/04 v1.0 xml request logger
\lrq@indent=\count339

(/usr/local/texlive/2025/texmf-dist/tex/latex/logreq/logreq.def
File: logreq.def 2010/08/04 v1.0 logreq spec v1.0
))
(/usr/local/texlive/2025/texmf-dist/tex/latex/base/ifthen.sty
Package: ifthen 2024/03/16 v1.1e Standard LaTeX ifthen package (DPC)
)
\c@tabx@nest=\count340
\c@listtotal=\count341
\c@listcount=\count342
\c@liststart=\count343
\c@liststop=\count344
\c@citecount=\count345
\c@citetotal=\count346
\c@multicitecount=\count347
\c@multicitetotal=\count348
\c@instcount=\count349
\c@maxnames=\count350
\c@minnames=\count351
\c@maxitems=\count352
\c@minitems=\count353
\c@citecounter=\count354
\c@maxcitecounter=\count355
\c@savedcitecounter=\count356
\c@uniquelist=\count357
\c@uniquename=\count358
\c@refsection=\count359
\c@refsegment=\count360
\c@maxextratitle=\count361
\c@maxextratitleyear=\count362
\c@maxextraname=\count363
\c@maxextradate=\count364
\c@maxextraalpha=\count365
\c@abbrvpenalty=\count366
\c@highnamepenalty=\count367
\c@lownamepenalty=\count368
\c@maxparens=\count369
\c@parenlevel=\count370
\blx@tempcnta=\count371
\blx@tempcntb=\count372
\blx@tempcntc=\count373
\c@blx@maxsection=\count374
\blx@maxsegment@0=\count375
\blx@notetype=\count376
\blx@parenlevel@text=\count377
\blx@parenlevel@foot=\count378
\blx@sectionciteorder@0=\count379
\blx@sectionciteorderinternal@0=\count380
\blx@entrysetcounter=\count381
\blx@biblioinstance=\count382
\labelnumberwidth=\skip72
\labelalphawidth=\skip73
\biblabelsep=\skip74
\bibitemsep=\skip75
\bibnamesep=\skip76
\bibinitsep=\skip77
\bibparsep=\skip78
\bibhang=\skip79
\blx@bcfin=\read4
\blx@bcfout=\write4
\blx@langwohyphens=\language90
\c@mincomprange=\count383
\c@maxcomprange=\count384
\c@mincompwidth=\count385
Package biblatex Info: Trying to load biblatex default data model...
Package biblatex Info: ... file 'blx-dm.def' found.

(/usr/local/texlive/2025/texmf-dist/tex/latex/biblatex/blx-dm.def
File: blx-dm.def 2024/03/21 v3.20 biblatex datamodel (PK/MW)
)
Package biblatex Info: Trying to load biblatex style data model...
Package biblatex Info: ... file 'numeric.dbx' not found.
Package biblatex Info: Trying to load biblatex custom data model...
Package biblatex Info: ... file 'biblatex-dm.cfg' not found.
\c@afterword=\count386
\c@savedafterword=\count387
\c@annotator=\count388
\c@savedannotator=\count389
\c@author=\count390
\c@savedauthor=\count391
\c@bookauthor=\count392
\c@savedbookauthor=\count393
\c@commentator=\count394
\c@savedcommentator=\count395
\c@editor=\count396
\c@savededitor=\count397
\c@editora=\count398
\c@savededitora=\count399
\c@editorb=\count400
\c@savededitorb=\count401
\c@editorc=\count402
\c@savededitorc=\count403
\c@foreword=\count404
\c@savedforeword=\count405
\c@holder=\count406
\c@savedholder=\count407
\c@introduction=\count408
\c@savedintroduction=\count409
\c@namea=\count410
\c@savednamea=\count411
\c@nameb=\count412
\c@savednameb=\count413
\c@namec=\count414
\c@savednamec=\count415
\c@translator=\count416
\c@savedtranslator=\count417
\c@shortauthor=\count418
\c@savedshortauthor=\count419
\c@shorteditor=\count420
\c@savedshorteditor=\count421
\c@labelname=\count422
\c@savedlabelname=\count423
\c@institution=\count424
\c@savedinstitution=\count425
\c@lista=\count426
\c@savedlista=\count427
\c@listb=\count428
\c@savedlistb=\count429
\c@listc=\count430
\c@savedlistc=\count431
\c@listd=\count432
\c@savedlistd=\count433
\c@liste=\count434
\c@savedliste=\count435
\c@listf=\count436
\c@savedlistf=\count437
\c@location=\count438
\c@savedlocation=\count439
\c@organization=\count440
\c@savedorganization=\count441
\c@origlocation=\count442
\c@savedoriglocation=\count443
\c@origpublisher=\count444
\c@savedorigpublisher=\count445
\c@publisher=\count446
\c@savedpublisher=\count447
\c@language=\count448
\c@savedlanguage=\count449
\c@origlanguage=\count450
\c@savedoriglanguage=\count451
\c@pageref=\count452
\c@savedpageref=\count453
\shorthandwidth=\skip80
\shortjournalwidth=\skip81
\shortserieswidth=\skip82
\shorttitlewidth=\skip83
\shortauthorwidth=\skip84
\shorteditorwidth=\skip85
\locallabelnumberwidth=\skip86
\locallabelalphawidth=\skip87
\localshorthandwidth=\skip88
\localshortjournalwidth=\skip89
\localshortserieswidth=\skip90
\localshorttitlewidth=\skip91
\localshortauthorwidth=\skip92
\localshorteditorwidth=\skip93
Package biblatex Info: Trying to load compatibility code...
Package biblatex Info: ... file 'blx-compat.def' found.

(/usr/local/texlive/2025/texmf-dist/tex/latex/biblatex/blx-compat.def
File: blx-compat.def 2024/03/21 v3.20 biblatex compatibility (PK/MW)
)
Package biblatex Info: Trying to load generic definitions...
Package biblatex Info: ... file 'biblatex.def' found.

(/usr/local/texlive/2025/texmf-dist/tex/latex/biblatex/biblatex.def
File: biblatex.def 2024/03/21 v3.20 biblatex compatibility (PK/MW)
\c@textcitecount=\count454
\c@textcitetotal=\count455
\c@textcitemaxnames=\count456
\c@biburlbigbreakpenalty=\count457
\c@biburlbreakpenalty=\count458
\c@biburlnumpenalty=\count459
\c@biburlucpenalty=\count460
\c@biburllcpenalty=\count461
\biburlbigskip=\muskip19
\biburlnumskip=\muskip20
\biburlucskip=\muskip21
\biburllcskip=\muskip22
\c@smartand=\count462
)
Package biblatex Info: Trying to load natbib compatibility...
Package biblatex Info: ... file 'blx-natbib.def' found.

(/usr/local/texlive/2025/texmf-dist/tex/latex/biblatex/blx-natbib.def
File: blx-natbib.def 2024/03/21 v3.20 biblatex compatibility (PK/MW)
Package biblatex Info: Delimiter 'nameyeardelim' in context '' already defined,
 overwriting.
)
Package biblatex Info: Trying to load bibliography style 'numeric'...
Package biblatex Info: ... file 'numeric.bbx' found.

(/usr/local/texlive/2025/texmf-dist/tex/latex/biblatex/bbx/numeric.bbx
File: numeric.bbx 2024/03/21 v3.20 biblatex bibliography style (PK/MW)
Package biblatex Info: Trying to load bibliography style 'standard'...
Package biblatex Info: ... file 'standard.bbx' found.

(/usr/local/texlive/2025/texmf-dist/tex/latex/biblatex/bbx/standard.bbx
File: standard.bbx 2024/03/21 v3.20 biblatex bibliography style (PK/MW)
\c@bbx:relatedcount=\count463
\c@bbx:relatedtotal=\count464
))
Package biblatex Info: Trying to load citation style 'numeric'...
Package biblatex Info: ... file 'numeric.cbx' found.

(/usr/local/texlive/2025/texmf-dist/tex/latex/biblatex/cbx/numeric.cbx
File: numeric.cbx 2024/03/21 v3.20 biblatex citation style (PK/MW)
Package biblatex Info: Redefining '\cite'.
Package biblatex Info: Redefining '\parencite'.
Package biblatex Info: Redefining '\footcite'.
Package biblatex Info: Redefining '\footcitetext'.
Package biblatex Info: Redefining '\smartcite'.
Package biblatex Info: Redefining '\supercite'.
Package biblatex Info: Redefining '\textcite'.
Package biblatex Info: Redefining '\textcites'.
Package biblatex Info: Redefining '\cites'.
Package biblatex Info: Redefining '\parencites'.
Package biblatex Info: Redefining '\smartcites'.
)
Package biblatex Info: Trying to load configuration file...
Package biblatex Info: ... file 'biblatex.cfg' found.

(/usr/local/texlive/2025/texmf-dist/tex/latex/biblatex/biblatex.cfg
File: biblatex.cfg 
)
Package biblatex Info: Input encoding 'utf8' detected.
Package biblatex Info: Document encoding is UTF8 ....

(/usr/local/texlive/2025/texmf-dist/tex/latex/l3kernel/expl3.sty
Package: expl3 2025-01-18 L3 programming layer (loader) 

(/usr/local/texlive/2025/texmf-dist/tex/latex/l3backend/l3backend-pdftex.def
File: l3backend-pdftex.def 2024-05-08 L3 backend support: PDF output (pdfTeX)
\l__color_backend_stack_int=\count465
\l__pdf_internal_box=\box84
))
Package biblatex Info: ... and expl3
(biblatex)             2025-01-18 L3 programming layer (loader) 
(biblatex)             is new enough (at least 2020/04/06),
(biblatex)             setting 'casechanger=expl3'.

(/usr/local/texlive/2025/texmf-dist/tex/latex/biblatex/blx-case-expl3.sty
(/usr/local/texlive/2025/texmf-dist/tex/latex/l3packages/xparse/xparse.sty
Package: xparse 2024-08-16 L3 Experimental document command parser
)
Package: blx-case-expl3 2024/03/21 v3.20 expl3 case changing code for biblatex
))
(/usr/local/texlive/2025/texmf-dist/tex/latex/enumitem/enumitem.sty
Package: enumitem 2025/02/06 v3.11 Customized lists
\labelindent=\skip94
\enit@outerparindent=\dimen290
\enit@toks=\toks45
\enit@inbox=\box85
\enit@count@id=\count466
\enitdp@description=\count467
)
(/usr/local/texlive/2025/texmf-dist/tex/latex/booktabs/booktabs.sty
Package: booktabs 2020/01/12 v1.61803398 Publication quality tables
\heavyrulewidth=\dimen291
\lightrulewidth=\dimen292
\cmidrulewidth=\dimen293
\belowrulesep=\dimen294
\belowbottomsep=\dimen295
\aboverulesep=\dimen296
\abovetopsep=\dimen297
\cmidrulesep=\dimen298
\cmidrulekern=\dimen299
\defaultaddspace=\dimen300
\@cmidla=\count468
\@cmidlb=\count469
\@aboverulesep=\dimen301
\@belowrulesep=\dimen302
\@thisruleclass=\count470
\@lastruleclass=\count471
\@thisrulewidth=\dimen303
)
(/usr/local/texlive/2025/texmf-dist/tex/latex/datetime/datetime.sty
Package: datetime 2015/03/20 v2.60 Date Time Package

(/usr/local/texlive/2025/texmf-dist/tex/latex/fmtcount/fmtcount.sty
Package: fmtcount 2025/02/09 v3.10 Displaying the values of LaTeX counters (NT,
VB,NE)

(/usr/local/texlive/2025/texmf-dist/tex/latex/xkeyval/xkeyval.sty
Package: xkeyval 2022/06/16 v2.9 package option processing (HA)

(/usr/local/texlive/2025/texmf-dist/tex/generic/xkeyval/xkeyval.tex
(/usr/local/texlive/2025/texmf-dist/tex/generic/xkeyval/xkvutils.tex
\XKV@toks=\toks46
\XKV@tempa@toks=\toks47
)
\XKV@depth=\count472
File: xkeyval.tex 2014/12/03 v2.7a key=value parser (HA)
))
(/usr/local/texlive/2025/texmf-dist/tex/latex/fmtcount/fcprefix.sty
Package: fcprefix 2012/09/28

(/usr/local/texlive/2025/texmf-dist/tex/latex/fmtcount/fcnumparser.sty
Package: fcnumparser 2017/06/15
\fc@digit@counter=\count473
))
\c@padzeroesN=\count474
\fc@tmpcatcode=\count475
\@DT@modctr=\count476
\@ordinalctr=\count477
\@orgargctr=\count478
\@strctr=\count479
\@tmpstrctr=\count480
\@DT@loopN=\count481
\@DT@X=\count482
)
(/usr/local/texlive/2025/texmf-dist/tex/latex/datetime/datetime-defaults.sty
Package: datetime-defaults 2013/09/10
)
\@day=\count483
\@month=\count484
\@year=\count485
\c@HOUR=\count486
\c@HOURXII=\count487
\c@MINUTE=\count488
\c@TOHOUR=\count489
\c@TOMINUTE=\count490
\c@SECOND=\count491
\currenthour=\count492
\currentminute=\count493
\currentsecond=\count494
Package datetime Info: No datetime.cfg file found, using default settings on in
put line 308.
\@dtctr=\count495
\dayofyear=\count496
\dayofweek=\count497
LaTeX Info: Redefining \today on input line 736.
\dt@a=\toks48
\dt@b=\toks49
))
\@quotelevel=\count498
\@quotereset=\count499
LaTeX Font Info:    Trying to load font information for T1+ppl on input line 12
.
(/usr/local/texlive/2025/texmf-dist/tex/latex/psnfss/t1ppl.fd
File: t1ppl.fd 2001/06/04 font definitions for T1/ppl.
) (./main.aux)
\openout1 = `main.aux'.

LaTeX Font Info:    Checking defaults for OML/cmm/m/it on input line 12.
LaTeX Font Info:    ... okay on input line 12.
LaTeX Font Info:    Checking defaults for OMS/cmsy/m/n on input line 12.
LaTeX Font Info:    ... okay on input line 12.
LaTeX Font Info:    Checking defaults for OT1/cmr/m/n on input line 12.
LaTeX Font Info:    ... okay on input line 12.
LaTeX Font Info:    Checking defaults for T1/cmr/m/n on input line 12.
LaTeX Font Info:    ... okay on input line 12.
LaTeX Font Info:    Checking defaults for TS1/cmr/m/n on input line 12.
LaTeX Font Info:    ... okay on input line 12.
LaTeX Font Info:    Checking defaults for OMX/cmex/m/n on input line 12.
LaTeX Font Info:    ... okay on input line 12.
LaTeX Font Info:    Checking defaults for U/cmr/m/n on input line 12.
LaTeX Font Info:    ... okay on input line 12.
LaTeX Font Info:    Checking defaults for PD1/pdf/m/n on input line 12.
LaTeX Font Info:    ... okay on input line 12.
LaTeX Font Info:    Checking defaults for PU/pdf/m/n on input line 12.
LaTeX Font Info:    ... okay on input line 12.
LaTeX Info: Redefining \microtypecontext on input line 12.
Package microtype Info: Applying patch `item' on input line 12.
Package microtype Info: Applying patch `toc' on input line 12.
Package microtype Info: Applying patch `eqnum' on input line 12.
Package microtype Info: Applying patch `footnote' on input line 12.
Package microtype Info: Applying patch `verbatim' on input line 12.
LaTeX Info: Redefining \microtypesetup on input line 12.
Package microtype Info: Generating PDF output.
Package microtype Info: Character protrusion enabled (level 2).
Package microtype Info: Using default protrusion set `alltext'.
Package microtype Info: Automatic font expansion enabled (level 2),
(microtype)             stretch: 20, shrink: 20, step: 1, non-selected.
Package microtype Info: Using default expansion set `alltext-nott'.
LaTeX Info: Redefining \showhyphens on input line 12.
Package microtype Info: No adjustment of tracking.
Package microtype Info: No adjustment of interword spacing.
Package microtype Info: No adjustment of character kerning.

(/usr/local/texlive/2025/texmf-dist/tex/latex/microtype/mt-ppl.cfg
File: mt-ppl.cfg 2005/11/16 v1.6 microtype config. file: Palatino (RS)
)
*geometry* driver: auto-detecting
*geometry* detected driver: pdftex
*geometry* verbose mode - [ preamble ] result:
* driver: pdftex
* paper: a4paper
* layout: <same size as paper>
* layoutoffset:(h,v)=(0.0pt,0.0pt)
* modes: 
* h-part:(L,W,R)=(79.6678pt, 438.17227pt, 79.6678pt)
* v-part:(T,H,B)=(79.6678pt, 685.71124pt, 79.6678pt)
* \paperwidth=597.50787pt
* \paperheight=845.04684pt
* \textwidth=438.17227pt
* \textheight=685.71124pt
* \oddsidemargin=7.39781pt
* \evensidemargin=7.39781pt
* \topmargin=-32.60219pt
* \headheight=15.0pt
* \headsep=25.0pt
* \topskip=12.0pt
* \footskip=30.0pt
* \marginparwidth=35.0pt
* \marginparsep=10.0pt
* \columnsep=10.0pt
* \skip\footins=10.8pt plus 4.0pt minus 2.0pt
* \hoffset=0.0pt
* \voffset=0.0pt
* \mag=1000
* \@twocolumnfalse
* \@twosidefalse
* \@mparswitchfalse
* \@reversemarginfalse
* (1in=72.27pt=25.4mm, 1cm=28.453pt)

(/usr/local/texlive/2025/texmf-dist/tex/context/base/mkii/supp-pdf.mkii
[Loading MPS to PDF converter (version 2006.09.02).]
\scratchcounter=\count500
\scratchdimen=\dimen304
\scratchbox=\box86
\nofMPsegments=\count501
\nofMParguments=\count502
\everyMPshowfont=\toks50
\MPscratchCnt=\count503
\MPscratchDim=\dimen305
\MPnumerator=\count504
\makeMPintoPDFobject=\count505
\everyMPtoPDFconversion=\toks51
) (/usr/local/texlive/2025/texmf-dist/tex/latex/epstopdf-pkg/epstopdf-base.sty
Package: epstopdf-base 2020-01-24 v2.11 Base part for package epstopdf
Package epstopdf-base Info: Redefining graphics rule for `.eps' on input line 4
85.

(/usr/local/texlive/2025/texmf-dist/tex/latex/latexconfig/epstopdf-sys.cfg
File: epstopdf-sys.cfg 2010/07/13 v1.3 Configuration of (r)epstopdf for TeX Liv
e
))
\c@lstlisting=\count506
Package hyperref Info: Link coloring ON on input line 12.

(./main.out) (./main.out)
\@outlinefile=\write5
\openout5 = `main.out'.

Package biblatex Info: Trying to load language 'english'...
Package biblatex Info: ... file 'english.lbx' found.

(/usr/local/texlive/2025/texmf-dist/tex/latex/biblatex/lbx/english.lbx
File: english.lbx 2024/03/21 v3.20 biblatex localization (PK/MW)
)
Package biblatex Info: Input encoding 'utf8' detected.
Package biblatex Info: Automatic encoding selection.
(biblatex)             Assuming data encoding 'utf8'.
\openout4 = `main.bcf'.

Package biblatex Info: Trying to load bibliographic data...
Package biblatex Info: ... file 'main.bbl' found.

(./main.bbl)
Package biblatex Info: Reference section=0 on input line 12.
Package biblatex Info: Reference segment=0 on input line 12.

(/usr/local/texlive/2025/texmf-dist/tex/latex/fmtcount/fc-english.def
File: fc-english.def 2016/01/12
)
LaTeX Font Info:    Trying to load font information for OT1+ppl on input line 8
4.

(/usr/local/texlive/2025/texmf-dist/tex/latex/psnfss/ot1ppl.fd
File: ot1ppl.fd 2001/06/04 font definitions for OT1/ppl.
)
LaTeX Font Info:    Trying to load font information for OML+zplm on input line 
84.

(/usr/local/texlive/2025/texmf-dist/tex/latex/psnfss/omlzplm.fd
File: omlzplm.fd 2002/09/08 Fontinst v1.914 font definitions for OML/zplm.
)
LaTeX Font Info:    Trying to load font information for OMS+zplm on input line 
84.

(/usr/local/texlive/2025/texmf-dist/tex/latex/psnfss/omszplm.fd
File: omszplm.fd 2002/09/08 Fontinst v1.914 font definitions for OMS/zplm.
)
LaTeX Font Info:    Trying to load font information for OMX+zplm on input line 
84.

(/usr/local/texlive/2025/texmf-dist/tex/latex/psnfss/omxzplm.fd
File: omxzplm.fd 2002/09/08 Fontinst v1.914 font definitions for OMX/zplm.
)
LaTeX Font Info:    Trying to load font information for OT1+zplm on input line 
84.

(/usr/local/texlive/2025/texmf-dist/tex/latex/psnfss/ot1zplm.fd
File: ot1zplm.fd 2002/09/08 Fontinst v1.914 font definitions for OT1/zplm.
)
Package microtype Info: Loading generic protrusion settings for font family
(microtype)             `zplm' (encoding: OT1).
(microtype)             For optimal results, create family-specific settings.
(microtype)             See the microtype manual for details.
LaTeX Font Info:    Font shape `U/msa/m/n' will be
(Font)              scaled to size 11.40997pt on input line 84.

(/usr/local/texlive/2025/texmf-dist/tex/latex/microtype/mt-msa.cfg
File: mt-msa.cfg 2006/02/04 v1.1 microtype config. file: AMS symbols (a) (RS)
)
LaTeX Font Info:    Font shape `U/msa/m/n' will be
(Font)              scaled to size 8.33606pt on input line 84.
LaTeX Font Info:    Font shape `U/msa/m/n' will be
(Font)              scaled to size 6.25204pt on input line 84.
LaTeX Font Info:    Font shape `U/msb/m/n' will be
(Font)              scaled to size 11.40997pt on input line 84.

(/usr/local/texlive/2025/texmf-dist/tex/latex/microtype/mt-msb.cfg
File: mt-msb.cfg 2005/06/01 v1.0 microtype config. file: AMS symbols (b) (RS)
)
LaTeX Font Info:    Font shape `U/msb/m/n' will be
(Font)              scaled to size 8.33606pt on input line 84.
LaTeX Font Info:    Font shape `U/msb/m/n' will be
(Font)              scaled to size 6.25204pt on input line 84.


[1

{/usr/local/texlive/2025/texmf-var/fonts/map/pdftex/updmap/pdftex.map}{/usr/loc
al/texlive/2025/texmf-dist/fonts/enc/dvips/base/8r.enc}] (./main.toc
LaTeX Font Info:    Font shape `U/msa/m/n' will be
(Font)              scaled to size 12.50409pt on input line 18.
LaTeX Font Info:    Font shape `U/msa/m/n' will be
(Font)              scaled to size 9.37807pt on input line 18.
LaTeX Font Info:    Font shape `U/msa/m/n' will be
(Font)              scaled to size 7.29405pt on input line 18.
LaTeX Font Info:    Font shape `U/msb/m/n' will be
(Font)              scaled to size 12.50409pt on input line 18.
LaTeX Font Info:    Font shape `U/msb/m/n' will be
(Font)              scaled to size 9.37807pt on input line 18.
LaTeX Font Info:    Font shape `U/msb/m/n' will be
(Font)              scaled to size 7.29405pt on input line 18.


[2

]

[3]

[4]

[5])
\tf@toc=\write6
\openout6 = `main.toc'.



[6] (./chapters/intro.tex
Underfull \hbox (badness 10000) in paragraph at lines 15--19

 []


Underfull \hbox (badness 10000) in paragraph at lines 21--26

 []


Underfull \hbox (badness 10000) in paragraph at lines 29--30

 []

Package microtype Info: Loading generic protrusion settings for font family
(microtype)             `cmtt' (encoding: T1).
(microtype)             For optimal results, create family-specific settings.
(microtype)             See the microtype manual for details.


[7


{/usr/local/texlive/2025/texmf-dist/fonts/enc/dvips/cm-super/cm-super-t1.enc}]

[8]

[9]

[10

]) (./chapters/ch01_fundamentals.tex
Chapter 1.

Underfull \hbox (badness 10000) in paragraph at lines 6--8

 []


Underfull \hbox (badness 10000) in paragraph at lines 11--12

 []



[11


]

[12]
Underfull \hbox (badness 10000) in paragraph at lines 110--111

 []



[13]
Underfull \hbox (badness 10000) in paragraph at lines 131--135

 []



[14]

[15]

[16]
Underfull \hbox (badness 10000) in paragraph at lines 299--300
[]\T1/ppl/m/n/12 (+20) Calculate the trace of the spher-i-cal Minkowski met-ric
 $\OML/zplm/m/it/12 g[] \OT1/zplm/m/n/12 =
 []



[17]
Underfull \hbox (badness 10000) in paragraph at lines 329--331

 []



[18]
Underfull \hbox (badness 10000) in paragraph at lines 358--360

 []

<images/energy_momentum_tensor.png, id=1148, 452.69125pt x 254.9525pt>
File: images/energy_momentum_tensor.png Graphic file (type png)
<use images/energy_momentum_tensor.png>
Package pdftex.def Info: images/energy_momentum_tensor.png  used on input line 
367.
(pdftex.def)             Requested size: 284.8093pt x 160.40306pt.
LaTeX Font Info:    Trying to load font information for TS1+ppl on input line 4
07.
(/usr/local/texlive/2025/texmf-dist/tex/latex/psnfss/ts1ppl.fd
File: ts1ppl.fd 2001/06/04 font definitions for TS1/ppl.
)

[19 <./images/energy_momentum_tensor.png>]

[20]
Underfull \hbox (badness 10000) in paragraph at lines 429--431

 []


Underfull \hbox (badness 10000) in paragraph at lines 436--438

 []


Underfull \hbox (badness 10000) in paragraph at lines 445--446

 []


Underfull \hbox (badness 10000) in paragraph at lines 447--448

 []



[21]
Underfull \hbox (badness 10000) in paragraph at lines 475--476

 []



[22]
Underfull \hbox (badness 10000) in paragraph at lines 502--504

 []



[23]

[24]) (./chapters/ch02_Hubble_law_and_cosmological_redshift.tex
Chapter 2.

Underfull \hbox (badness 10000) in paragraph at lines 6--8

 []


Underfull \hbox (badness 10000) in paragraph at lines 26--29

 []



[25


]
Underfull \hbox (badness 10000) in paragraph at lines 40--41

 []


Underfull \hbox (badness 10000) in paragraph at lines 42--43

 []


Underfull \hbox (badness 10000) in paragraph at lines 60--61

 []


Underfull \hbox (badness 10000) in paragraph at lines 93--95

 []



[26]

[27]
Underfull \hbox (badness 10000) in paragraph at lines 134--135

 []


Underfull \hbox (badness 10000) in paragraph at lines 139--140

 []


Underfull \hbox (badness 10000) in paragraph at lines 154--157

 []


Underfull \hbox (badness 10000) in paragraph at lines 168--169

 []



[28

]
Underfull \hbox (badness 10000) in paragraph at lines 199--200

 []


Underfull \hbox (badness 10000) in paragraph at lines 216--218

 []



[29]
<images/balloon_expansion.png, id=1201, 705.63625pt x 266.9975pt>
File: images/balloon_expansion.png Graphic file (type png)
<use images/balloon_expansion.png>
Package pdftex.def Info: images/balloon_expansion.png  used on input line 224.
(pdftex.def)             Requested size: 284.8093pt x 107.76672pt.

Underfull \hbox (badness 10000) in paragraph at lines 230--231

 []


Underfull \hbox (badness 10000) in paragraph at lines 239--241

 []


Underfull \hbox (badness 10000) in paragraph at lines 248--250

 []


Underfull \hbox (badness 10000) in paragraph at lines 257--259

 []


Underfull \hbox (badness 10000) in paragraph at lines 260--261

 []



[30 <./images/balloon_expansion.png>]
Underfull \hbox (badness 10000) in paragraph at lines 273--275

 []


Underfull \hbox (badness 10000) in paragraph at lines 283--284

 []


Underfull \hbox (badness 10000) in paragraph at lines 285--290

 []


Underfull \hbox (badness 10000) in paragraph at lines 305--306

 []



[31]
Underfull \hbox (badness 10000) in paragraph at lines 333--335

 []



[32]
Underfull \hbox (badness 10000) in paragraph at lines 342--343

 []


Underfull \hbox (badness 10000) in paragraph at lines 344--345

 []


Underfull \hbox (badness 10000) in paragraph at lines 356--357

 []


Underfull \hbox (badness 10000) in paragraph at lines 378--379

 []



[33]
Underfull \hbox (badness 10000) in paragraph at lines 402--404

 []



[34]
Underfull \hbox (badness 2495) in paragraph at lines 414--415
[]\T1/ppl/m/n/12 (+20) The red-shift $\OML/zplm/m/it/12 z$ \T1/ppl/m/n/12 (+20)
 of galax-ies can be con-tributed by both re-ces-sion mo-
 []


Underfull \hbox (badness 10000) in paragraph at lines 420--421

 []

<images/hubble_diagram.png, id=1225, 912.40875pt x 443.6575pt>
File: images/hubble_diagram.png Graphic file (type png)
<use images/hubble_diagram.png>
Package pdftex.def Info: images/hubble_diagram.png  used on input line 427.
(pdftex.def)             Requested size: 328.6292pt x 159.79103pt.


[35

 <./images/hubble_diagram.png>]
Underfull \hbox (badness 10000) in paragraph at lines 449--451

 []


Underfull \hbox (badness 10000) in paragraph at lines 471--472

 []



[36]
Underfull \hbox (badness 10000) in paragraph at lines 488--489

 []


Underfull \hbox (badness 10000) in paragraph at lines 500--501

 []


Underfull \hbox (badness 10000) in paragraph at lines 502--503

 []


Underfull \hbox (badness 10000) in paragraph at lines 504--505

 []



[37

]
Underfull \hbox (badness 10000) in paragraph at lines 514--515

 []


Underfull \hbox (badness 10000) in paragraph at lines 516--517

 []


Underfull \hbox (badness 10000) in paragraph at lines 518--519

 []


Underfull \hbox (badness 10000) in paragraph at lines 528--530

 []


Underfull \hbox (badness 10000) in paragraph at lines 534--536

 []



[38

]

[39]
Underfull \hbox (badness 10000) in paragraph at lines 608--609

 []


Underfull \hbox (badness 10000) in paragraph at lines 610--611

 []



[40

]
Underfull \hbox (badness 10000) in paragraph at lines 660--661

 []



[41]
<images/penrose_event_horizon.png, id=1259, 561.09625pt x 221.82875pt>
File: images/penrose_event_horizon.png Graphic file (type png)
<use images/penrose_event_horizon.png>
Package pdftex.def Info: images/penrose_event_horizon.png  used on input line 7
05.
(pdftex.def)             Requested size: 328.6292pt x 129.9233pt.

Underfull \hbox (badness 10000) in paragraph at lines 716--717

 []



[42 <./images/penrose_event_horizon.png>]
<images/penrose_particle_horizon.png, id=1266, 504.88625pt x 220.825pt>
File: images/penrose_particle_horizon.png Graphic file (type png)
<use images/penrose_particle_horizon.png>
Package pdftex.def Info: images/penrose_particle_horizon.png  used on input lin
e 762.
(pdftex.def)             Requested size: 328.6292pt x 143.73671pt.


[43 <./images/penrose_particle_horizon.png>]
Underfull \hbox (badness 10000) in paragraph at lines 776--779

 []


Underfull \hbox (badness 10000) in paragraph at lines 813--814

 []


Underfull \hbox (badness 10000) in paragraph at lines 815--819

 []


Underfull \hbox (badness 10000) in paragraph at lines 835--837

 []



[44

]) (./chapters/ch03_cosmic_evolution.tex

[45]
Chapter 3.

Underfull \hbox (badness 10000) in paragraph at lines 19--21

 []


Underfull \hbox (badness 10000) in paragraph at lines 28--29

 []


Underfull \hbox (badness 10000) in paragraph at lines 30--31

 []



[46

]
Underfull \hbox (badness 10000) in paragraph at lines 47--49

 []



[47]
Underfull \hbox (badness 10000) in paragraph at lines 77--79

 []



[48

]

[49

]
Underfull \hbox (badness 10000) in paragraph at lines 136--137

 []


Underfull \hbox (badness 10000) in paragraph at lines 153--155

 []



[50

]
Underfull \hbox (badness 10000) in paragraph at lines 175--177

 []


Underfull \hbox (badness 10000) in paragraph at lines 178--179

 []


Underfull \hbox (badness 10000) in paragraph at lines 192--194

 []


Underfull \hbox (badness 10000) in paragraph at lines 198--199

 []



[51

]
Underfull \hbox (badness 10000) in paragraph at lines 222--223

 []


Underfull \hbox (badness 10000) in paragraph at lines 228--229

 []

LaTeX Font Info:    Font shape `U/msa/m/n' will be
(Font)              scaled to size 5.21004pt on input line 242.
LaTeX Font Info:    Font shape `U/msb/m/n' will be
(Font)              scaled to size 5.21004pt on input line 242.


[52

]
Underfull \hbox (badness 10000) in paragraph at lines 276--277

 []


Underfull \hbox (badness 10000) in paragraph at lines 278--279

 []


Underfull \hbox (badness 10000) in paragraph at lines 293--294

 []



[53

]
Underfull \hbox (badness 10000) in paragraph at lines 324--325

 []



[54

]
Underfull \hbox (badness 10000) in paragraph at lines 351--353

 []


Underfull \hbox (badness 10000) in paragraph at lines 357--359

 []


Underfull \hbox (badness 10000) in paragraph at lines 365--367

 []


Underfull \hbox (badness 10000) in paragraph at lines 381--383

 []


Underfull \hbox (badness 10000) in paragraph at lines 390--392

 []



[55

]
Underfull \hbox (badness 10000) in paragraph at lines 410--412

 []



[56]
Underfull \hbox (badness 10000) in paragraph at lines 437--439

 []


Underfull \hbox (badness 10000) in paragraph at lines 461--462

 []



[57]
Underfull \hbox (badness 10000) in paragraph at lines 468--470

 []


Underfull \hbox (badness 10000) in paragraph at lines 484--486

 []


Underfull \hbox (badness 10000) in paragraph at lines 497--498

 []



[58

]
Underfull \hbox (badness 10000) in paragraph at lines 513--515

 []


Underfull \hbox (badness 10000) in paragraph at lines 516--517

 []


Underfull \hbox (badness 10000) in paragraph at lines 517--519

 []


Underfull \hbox (badness 10000) in paragraph at lines 520--521

 []


Underfull \hbox (badness 10000) in paragraph at lines 521--523

 []


Underfull \hbox (badness 10000) in paragraph at lines 524--525

 []



[59

]
Underfull \hbox (badness 10000) in paragraph at lines 538--539

 []


Underfull \hbox (badness 10000) in paragraph at lines 556--557

 []



[60

]
Underfull \hbox (badness 10000) in paragraph at lines 579--580

 []


Underfull \hbox (badness 10000) in paragraph at lines 587--588

 []


Underfull \hbox (badness 10000) in paragraph at lines 593--594

 []



[61

]
Underfull \hbox (badness 10000) in paragraph at lines 617--618

 []


Underfull \hbox (badness 10000) in paragraph at lines 619--620

 []



[62]
LaTeX Font Info:    Font shape `U/msa/m/n' will be
(Font)              scaled to size 15.0049pt on input line 640.
LaTeX Font Info:    Font shape `U/msa/m/n' will be
(Font)              scaled to size 10.42007pt on input line 640.
LaTeX Font Info:    Font shape `U/msb/m/n' will be
(Font)              scaled to size 15.0049pt on input line 640.
LaTeX Font Info:    Font shape `U/msb/m/n' will be
(Font)              scaled to size 10.42007pt on input line 640.

Underfull \hbox (badness 10000) in paragraph at lines 646--647

 []


Underfull \hbox (badness 10000) in paragraph at lines 658--660

 []


Underfull \hbox (badness 10000) in paragraph at lines 674--676

 []



[63]
Underfull \hbox (badness 10000) in paragraph at lines 686--687

 []


Underfull \hbox (badness 10000) in paragraph at lines 694--695

 []


Underfull \hbox (badness 10000) in paragraph at lines 695--696

 []


Underfull \hbox (badness 10000) in paragraph at lines 696--697

 []


Underfull \hbox (badness 10000) in paragraph at lines 707--709

 []



[64]
Underfull \hbox (badness 10000) in paragraph at lines 731--733

 []


Underfull \hbox (badness 10000) in paragraph at lines 737--738

 []



[65]
Underfull \hbox (badness 10000) in paragraph at lines 803--804

 []



[66

]
Underfull \hbox (badness 10000) in paragraph at lines 858--859

 []


Underfull \hbox (badness 10000) in paragraph at lines 864--865

 []


Underfull \hbox (badness 10000) in paragraph at lines 870--871

 []



[67]

[68]
Underfull \hbox (badness 10000) in paragraph at lines 892--894

 []


Underfull \hbox (badness 10000) in paragraph at lines 895--898

 []


Underfull \hbox (badness 10000) in paragraph at lines 933--937

 []



[69

]
<images/lcdm_energy_budget_z_log.png, id=1392, 722.7pt x 505.89pt>
File: images/lcdm_energy_budget_z_log.png Graphic file (type png)
<use images/lcdm_energy_budget_z_log.png>
Package pdftex.def Info: images/lcdm_energy_budget_z_log.png  used on input lin
e 985.
(pdftex.def)             Requested size: 350.53915pt x 245.3795pt.


[70]
<images/energy_density_evolution.png, id=1398, 601.7682pt x 520.344pt>
File: images/energy_density_evolution.png Graphic file (type png)
<use images/energy_density_evolution.png>
Package pdftex.def Info: images/energy_density_evolution.png  used on input lin
e 992.
(pdftex.def)             Requested size: 328.6292pt x 284.16542pt.


[71 <./images/lcdm_energy_budget_z_log.png> <./images/energy_density_evolution.
png>]
<images/type_Ia_supernova.png, id=1406, 835.12pt x 855.195pt>
File: images/type_Ia_supernova.png Graphic file (type png)
<use images/type_Ia_supernova.png>
Package pdftex.def Info: images/type_Ia_supernova.png  used on input line 1006.

(pdftex.def)             Requested size: 350.53915pt x 358.97067pt.

Underfull \hbox (badness 10000) in paragraph at lines 1012--1013

 []


Underfull \hbox (badness 10000) in paragraph at lines 1014--1015

 []


Underfull \hbox (badness 10000) in paragraph at lines 1027--1029

 []


Underfull \hbox (badness 10000) in paragraph at lines 1040--1041

 []


Underfull \hbox (badness 10000) in paragraph at lines 1045--1047

 []



[72 <./images/type_Ia_supernova.png (PNG copy)>]

[73]
Underfull \hbox (badness 10000) in paragraph at lines 1067--1069

 []

<images/luminousity_distance.png, id=1417, 591.20876pt x 663.47874pt>
File: images/luminousity_distance.png Graphic file (type png)
<use images/luminousity_distance.png>
Package pdftex.def Info: images/luminousity_distance.png  used on input line 10
75.
(pdftex.def)             Requested size: 284.8093pt x 319.63042pt.

LaTeX Warning: `h' float specifier changed to `ht'.


Underfull \hbox (badness 10000) in paragraph at lines 1081--1082

 []


Underfull \hbox (badness 10000) in paragraph at lines 1083--1084

 []


Underfull \hbox (badness 10000) in paragraph at lines 1085--1086

 []


Underfull \hbox (badness 10000) in paragraph at lines 1102--1103

 []


Underfull \hbox (badness 10000) in paragraph at lines 1115--1117

 []



[74]

[75 <./images/luminousity_distance.png>]
Underfull \hbox (badness 10000) in paragraph at lines 1128--1129

 []


Underfull \hbox (badness 10000) in paragraph at lines 1137--1138

 []


Underfull \hbox (badness 10000) in paragraph at lines 1146--1148

 []


Underfull \hbox (badness 10000) in paragraph at lines 1152--1154

 []


Underfull \hbox (badness 10000) in paragraph at lines 1159--1160

 []



[76]
Underfull \hbox (badness 10000) in paragraph at lines 1164--1165

 []



[77]
Underfull \hbox (badness 10000) in paragraph at lines 1171--1172

 []


Underfull \hbox (badness 10000) in paragraph at lines 1182--1184

 []


Underfull \hbox (badness 10000) in paragraph at lines 1190--1191

 []



[78

]
<images/universe_evolution.png, id=1440, 1445.4pt x 813.0375pt>
File: images/universe_evolution.png Graphic file (type png)
<use images/universe_evolution.png>
Package pdftex.def Info: images/universe_evolution.png  used on input line 1203
.
(pdftex.def)             Requested size: 350.53915pt x 197.17996pt.
<images/universe_evolution_3.png, id=1441, 1117.17375pt x 1003.75pt>
File: images/universe_evolution_3.png Graphic file (type png)
<use images/universe_evolution_3.png>
Package pdftex.def Info: images/universe_evolution_3.png  used on input line 12
11.
(pdftex.def)             Requested size: 197.17618pt x 177.14453pt.


[79

 <./images/universe_evolution.png> <./images/universe_evolution_3.png (PNG copy
)>]
Underfull \hbox (badness 10000) in paragraph at lines 1233--1236

 []



[80

]

[81]

[82]
Underfull \hbox (badness 10000) in paragraph at lines 1374--1375

 []

<images/energy_density_budget.png, id=1463, 553.06625pt x 398.48875pt>
File: images/energy_density_budget.png Graphic file (type png)
<use images/energy_density_budget.png>
Package pdftex.def Info: images/energy_density_budget.png  used on input line 1
392.
(pdftex.def)             Requested size: 219.08614pt x 157.84824pt.
<images/universe_evolution_2.png, id=1464, 1445.4pt x 813.0375pt>
File: images/universe_evolution_2.png Graphic file (type png)
<use images/universe_evolution_2.png>
Package pdftex.def Info: images/universe_evolution_2.png  used on input line 14
00.
(pdftex.def)             Requested size: 240.99608pt x 135.55968pt.
) (./chapters/ch04_standard_model.tex

[83

 <./images/energy_density_budget.png> <./images/universe_evolution_2.png>]
Chapter 4.
<images/standard_model.png, id=1473, 853.1875pt x 640.3925pt>
File: images/standard_model.png Graphic file (type png)
<use images/standard_model.png>
Package pdftex.def Info: images/standard_model.png  used on input line 17.
(pdftex.def)             Requested size: 350.53915pt x 263.10983pt.

Underfull \hbox (badness 10000) in paragraph at lines 35--36

 []



[84

 <./images/standard_model.png>]

[85]

[86

]
Underfull \hbox (badness 10000) in paragraph at lines 74--75

 []


Underfull \hbox (badness 10000) in paragraph at lines 81--82

 []


Underfull \hbox (badness 10000) in paragraph at lines 90--91

 []


Underfull \hbox (badness 10000) in paragraph at lines 92--93

 []


Underfull \hbox (badness 10000) in paragraph at lines 94--95

 []


Underfull \hbox (badness 10000) in paragraph at lines 96--97

 []



[87

]
<images/particles_mass.png, id=1493, 739.76375pt x 433.62pt>
File: images/particles_mass.png Graphic file (type png)
<use images/particles_mass.png>
Package pdftex.def Info: images/particles_mass.png  used on input line 112.
(pdftex.def)             Requested size: 350.53915pt x 205.46878pt.


[88 <./images/particles_mass.png>]
Underfull \hbox (badness 10000) in paragraph at lines 121--122

 []


Underfull \hbox (badness 10000) in paragraph at lines 123--124

 []


Underfull \hbox (badness 10000) in paragraph at lines 125--126

 []


Underfull \hbox (badness 10000) in paragraph at lines 127--128

 []

) (./chapters/ch05_thermodynamics_and_primordial_soup.tex

[89

]
Chapter 5.

Underfull \hbox (badness 10000) in paragraph at lines 6--7

 []


Underfull \hbox (badness 10000) in paragraph at lines 8--9

 []


Underfull \hbox (badness 10000) in paragraph at lines 13--14

 []


Underfull \hbox (badness 10000) in paragraph at lines 20--22

 []



[90

]
Underfull \hbox (badness 10000) in paragraph at lines 37--38

 []


Underfull \hbox (badness 10000) in paragraph at lines 39--40

 []


Underfull \hbox (badness 10000) in paragraph at lines 41--42

 []


Underfull \hbox (badness 10000) in paragraph at lines 59--61

 []


Underfull \hbox (badness 10000) in paragraph at lines 66--67

 []



[91]
Underfull \hbox (badness 10000) in paragraph at lines 103--104

 []



[92

]

[93

]
Underfull \hbox (badness 10000) in paragraph at lines 148--150

 []



[94

]

[95

]

[96

]

[97]

[98]
Underfull \hbox (badness 10000) in paragraph at lines 318--318
[]\T1/ppl/m/n/10.95 (+20) Relativistic
 []


Underfull \hbox (badness 10000) in paragraph at lines 318--318
[]\T1/ppl/m/n/10.95 (+20) Relativistic
 []


Underfull \hbox (badness 10000) in paragraph at lines 318--319
[]\T1/ppl/m/n/10.95 (+20) Non-relativistic
 []


Underfull \hbox (badness 10000) in paragraph at lines 344--345

 []


Underfull \hbox (badness 10000) in paragraph at lines 351--352

 []



[99

]
Underfull \hbox (badness 10000) in paragraph at lines 376--377

 []



[100]
Underfull \hbox (badness 10000) in paragraph at lines 389--391

 []



[101

]
<images/g*_evolution.png, id=1555, 739.76375pt x 457.71pt>
File: images/g*_evolution.png Graphic file (type png)
<use images/g*_evolution.png>
Package pdftex.def Info: images/g*_evolution.png  used on input line 416.
(pdftex.def)             Requested size: 350.53915pt x 216.88371pt.

Underfull \hbox (badness 10000) in paragraph at lines 435--436

 []


Underfull \hbox (badness 10000) in paragraph at lines 437--438

 []


Underfull \hbox (badness 10000) in paragraph at lines 439--440

 []


Underfull \hbox (badness 10000) in paragraph at lines 441--442

 []



[102

 <./images/g*_evolution.png>]
Underfull \hbox (badness 10000) in paragraph at lines 459--460

 []


Underfull \hbox (badness 10000) in paragraph at lines 461--462

 []



[103]
Underfull \hbox (badness 10000) in paragraph at lines 474--476

 []


Underfull \hbox (badness 10000) in paragraph at lines 477--479

 []


Underfull \hbox (badness 10000) in paragraph at lines 481--483

 []


Underfull \hbox (badness 10000) in paragraph at lines 485--488

 []


Underfull \hbox (badness 10000) in paragraph at lines 485--488

 []


Underfull \hbox (badness 10000) in paragraph at lines 491--493

 []



[104

]
Underfull \hbox (badness 10000) in paragraph at lines 514--515

 []


Underfull \hbox (badness 10000) in paragraph at lines 532--533

 []



[105]
Underfull \hbox (badness 10000) in paragraph at lines 543--547

 []


Underfull \hbox (badness 10000) in paragraph at lines 563--564

 []


Underfull \hbox (badness 10000) in paragraph at lines 574--575

 []


Underfull \hbox (badness 10000) in paragraph at lines 576--577

 []


Underfull \hbox (badness 10000) in paragraph at lines 592--594

 []



[106

]

[107]
Underfull \hbox (badness 10000) in paragraph at lines 650--651

 []


Underfull \hbox (badness 10000) in paragraph at lines 664--665

 []



[108]
Underfull \hbox (badness 10000) in paragraph at lines 674--675

 []



[109

]
Underfull \hbox (badness 10000) in paragraph at lines 715--716

 []


Underfull \hbox (badness 10000) in paragraph at lines 729--730

 []


Underfull \hbox (badness 10000) in paragraph at lines 731--733

 []



[110

]
Underfull \hbox (badness 10000) in paragraph at lines 741--742

 []


Underfull \hbox (badness 10000) in paragraph at lines 743--744

 []


Underfull \hbox (badness 10000) in paragraph at lines 745--746

 []

<images/dependence_interaction_strength.png, id=1597, 736.7525pt x 395.4775pt>
File: images/dependence_interaction_strength.png Graphic file (type png)
<use images/dependence_interaction_strength.png>
Package pdftex.def Info: images/dependence_interaction_strength.png  used on in
put line 753.
(pdftex.def)             Requested size: 350.53915pt x 188.16151pt.

Underfull \hbox (badness 10000) in paragraph at lines 765--766

 []


Underfull \hbox (badness 10000) in paragraph at lines 767--768

 []



[111

 <./images/dependence_interaction_strength.png>]
Underfull \hbox (badness 10000) in paragraph at lines 774--775

 []


Underfull \hbox (badness 10000) in paragraph at lines 776--777

 []



[112]
Underfull \hbox (badness 10000) in paragraph at lines 789--790

 []


Underfull \hbox (badness 10000) in paragraph at lines 791--792

 []


Underfull \hbox (badness 10000) in paragraph at lines 798--799

 []


Underfull \hbox (badness 10000) in paragraph at lines 800--801

 []


Underfull \hbox (badness 10000) in paragraph at lines 802--803

 []



[113

]
Overfull \hbox (1.67159pt too wide) in paragraph at lines 872--873
 [][] 
 []


Underfull \hbox (badness 10000) in paragraph at lines 878--879

 []


Underfull \hbox (badness 10000) in paragraph at lines 880--881

 []


Underfull \hbox (badness 10000) in paragraph at lines 882--883

 []


Underfull \hbox (badness 10000) in paragraph at lines 884--885

 []



[114

]
Underfull \hbox (badness 10000) in paragraph at lines 890--891

 []


Underfull \hbox (badness 10000) in paragraph at lines 892--893

 []


Underfull \hbox (badness 10000) in paragraph at lines 894--895

 []


Underfull \hbox (badness 10000) in paragraph at lines 896--897

 []


Underfull \hbox (badness 10000) in paragraph at lines 906--907

 []


Underfull \hbox (badness 10000) in paragraph at lines 916--918

 []


Underfull \hbox (badness 10000) in paragraph at lines 927--928

 []


Underfull \hbox (badness 10000) in paragraph at lines 936--937

 []



[115]
Underfull \hbox (badness 10000) in paragraph at lines 949--951

 []


Underfull \hbox (badness 10000) in paragraph at lines 958--960

 []



[116]
Underfull \hbox (badness 10000) in paragraph at lines 968--969

 []


Underfull \hbox (badness 10000) in paragraph at lines 970--971

 []


Underfull \hbox (badness 10000) in paragraph at lines 980--981

 []


Underfull \hbox (badness 10000) in paragraph at lines 982--983

 []



[117]
Underfull \hbox (badness 10000) in paragraph at lines 996--997

 []


Underfull \hbox (badness 10000) in paragraph at lines 998--999

 []


Underfull \hbox (badness 10000) in paragraph at lines 1027--1028

 []


Underfull \hbox (badness 10000) in paragraph at lines 1029--1030

 []



[118

]
Underfull \hbox (badness 10000) in paragraph at lines 1051--1053

 []


Underfull \hbox (badness 10000) in paragraph at lines 1055--1056

 []



[119]
Underfull \hbox (badness 10000) in paragraph at lines 1061--1062

 []


Underfull \hbox (badness 10000) in paragraph at lines 1067--1068

 []


Underfull \hbox (badness 10000) in paragraph at lines 1069--1073

 []


Underfull \hbox (badness 10000) in paragraph at lines 1075--1077

 []


Underfull \hbox (badness 10000) in paragraph at lines 1091--1093

 []


Underfull \hbox (badness 10000) in paragraph at lines 1100--1101

 []


Underfull \hbox (badness 10000) in paragraph at lines 1110--1111

 []


Underfull \hbox (badness 10000) in paragraph at lines 1115--1117

 []



[120

]
Underfull \hbox (badness 10000) in paragraph at lines 1124--1125

 []


Underfull \hbox (badness 10000) in paragraph at lines 1126--1127

 []



[121]
Underfull \hbox (badness 10000) in paragraph at lines 1134--1136

 []


Underfull \hbox (badness 10000) in paragraph at lines 1137--1138

 []


Underfull \hbox (badness 10000) in paragraph at lines 1141--1142

 []

) (./chapters/ch06_Big_Bang_nucleosynthesis.tex

[122

]
Chapter 6.

Underfull \hbox (badness 10000) in paragraph at lines 6--7

 []


Underfull \hbox (badness 10000) in paragraph at lines 8--9

 []


Underfull \hbox (badness 10000) in paragraph at lines 18--19

 []


Underfull \hbox (badness 10000) in paragraph at lines 20--21

 []


Underfull \hbox (badness 10000) in paragraph at lines 28--30

 []


Underfull \hbox (badness 10000) in paragraph at lines 38--40

 []



[123

]
Underfull \hbox (badness 10000) in paragraph at lines 65--66

 []


Underfull \hbox (badness 10000) in paragraph at lines 79--81

 []



[124]

[125]
Underfull \hbox (badness 10000) in paragraph at lines 105--107

 []


Underfull \hbox (badness 10000) in paragraph at lines 114--115

 []


Underfull \hbox (badness 10000) in paragraph at lines 123--125

 []


Underfull \hbox (badness 10000) in paragraph at lines 131--132

 []


Underfull \hbox (badness 10000) in paragraph at lines 143--144

 []



[126

]
Underfull \hbox (badness 10000) in paragraph at lines 162--164

 []


Underfull \hbox (badness 10000) in paragraph at lines 173--174

 []



[127]
Underfull \hbox (badness 10000) in paragraph at lines 187--188

 []



[128]
<images/baryon_to_photon_ratio.png, id=1678, 412.54124pt x 508.90125pt>
File: images/baryon_to_photon_ratio.png Graphic file (type png)
<use images/baryon_to_photon_ratio.png>
Package pdftex.def Info: images/baryon_to_photon_ratio.png  used on input line 
196.
(pdftex.def)             Requested size: 219.08614pt x 270.25993pt.

Underfull \hbox (badness 10000) in paragraph at lines 202--203

 []


Underfull \hbox (badness 10000) in paragraph at lines 204--205

 []


Underfull \hbox (badness 10000) in paragraph at lines 206--207

 []



[129

 <./images/baryon_to_photon_ratio.png>]

[130]
Underfull \hbox (badness 10000) in paragraph at lines 262--264

 []


Underfull \hbox (badness 10000) in paragraph at lines 279--281

 []



[131]
<images/BBN_interaction_chain.jpg, id=1693, 602.25pt x 383.4325pt>
File: images/BBN_interaction_chain.jpg Graphic file (type jpg)
<use images/BBN_interaction_chain.jpg>
Package pdftex.def Info: images/BBN_interaction_chain.jpg  used on input line 2
86.
(pdftex.def)             Requested size: 350.53915pt x 223.18669pt.


[132

 <./images/BBN_interaction_chain.jpg>]
Underfull \hbox (badness 10000) in paragraph at lines 353--354

 []



[133]
<images/time_evolution_abundance.png, id=1704, 544.0325pt x 465.74pt>
File: images/time_evolution_abundance.png Graphic file (type png)
<use images/time_evolution_abundance.png>
Package pdftex.def Info: images/time_evolution_abundance.png  used on input lin
e 363.
(pdftex.def)             Requested size: 350.53915pt x 300.10507pt.


[134

 <./images/time_evolution_abundance.png>]
Underfull \hbox (badness 10000) in paragraph at lines 382--383

 []


Underfull \hbox (badness 10000) in paragraph at lines 384--385

 []



[135]
Underfull \hbox (badness 10000) in paragraph at lines 412--413

 []

) (./chapters/ch07_Cosmic_Microwave_Background.tex

[136

]
Chapter 7.

Underfull \hbox (badness 10000) in paragraph at lines 14--16

 []


Underfull \hbox (badness 10000) in paragraph at lines 32--34

 []


Underfull \hbox (badness 10000) in paragraph at lines 38--39

 []

! Undefined control sequence.
<argument> ...\ \frac {1 - Y_p}{Y_p^2} &= \eta \n 
                                                  _\gamma \left ( \frac {2\p...
l.53     \end{align*}
                     
The control sequence at the end of the top line
of your error message was never \def'ed. If you have
misspelled it (e.g., `\hobx'), type `I' and the correct
spelling (e.g., `I\hbox'). Otherwise just continue,
and I'll forget about whatever was undefined.

! Undefined control sequence.
<argument> ...\ \frac {1 - Y_p}{Y_p^2} &= \eta \n 
                                                  _\gamma \left ( \frac {2\p...
l.53     \end{align*}
                     
The control sequence at the end of the top line
of your error message was never \def'ed. If you have
misspelled it (e.g., `\hobx'), type `I' and the correct
spelling (e.g., `I\hbox'). Otherwise just continue,
and I'll forget about whatever was undefined.



[137

]

[138]
Underfull \hbox (badness 10000) in paragraph at lines 75--76

 []

<images/saha_equation.png, id=1727, 700.6175pt x 434.62375pt>
File: images/saha_equation.png Graphic file (type png)
<use images/saha_equation.png>
Package pdftex.def Info: images/saha_equation.png  used on input line 83.
(pdftex.def)             Requested size: 350.53915pt x 217.45723pt.

Underfull \hbox (badness 10000) in paragraph at lines 89--90

 []



[139 <./images/saha_equation.png>]
Underfull \hbox (badness 10000) in paragraph at lines 97--98

 []


Underfull \hbox (badness 10000) in paragraph at lines 115--116

 []


Underfull \hbox (badness 10000) in paragraph at lines 120--122

 []


Underfull \hbox (badness 10000) in paragraph at lines 123--124

 []



[140]
<images/CMB_frequency_spectrum.png, id=1739, 713.66624pt x 537.00626pt>
File: images/CMB_frequency_spectrum.png Graphic file (type png)
<use images/CMB_frequency_spectrum.png>
Package pdftex.def Info: images/CMB_frequency_spectrum.png  used on input line 
137.
(pdftex.def)             Requested size: 350.53915pt x 263.76631pt.


[141 <./images/CMB_frequency_spectrum.png>]
Underfull \hbox (badness 10000) in paragraph at lines 147--149

 []


Underfull \hbox (badness 10000) in paragraph at lines 150--151

 []



[142

]
Underfull \hbox (badness 10000) in paragraph at lines 171--172

 []


Underfull \hbox (badness 10000) in paragraph at lines 173--174

 []

<images/CMB_anisotropies.png, id=1750, 757.83125pt x 376.40625pt>
File: images/CMB_anisotropies.png Graphic file (type png)
<use images/CMB_anisotropies.png>
Package pdftex.def Info: images/CMB_anisotropies.png  used on input line 190.
(pdftex.def)             Requested size: 306.71924pt x 152.34605pt.

Underfull \hbox (badness 10000) in paragraph at lines 196--197

 []



[143

 <./images/CMB_anisotropies.png>]
Underfull \hbox (badness 10000) in paragraph at lines 210--212

 []

<images/CMB_comparison.png, id=1757, 813.0375pt x 456.70625pt>
File: images/CMB_comparison.png Graphic file (type png)
<use images/CMB_comparison.png>
Package pdftex.def Info: images/CMB_comparison.png  used on input line 218.
(pdftex.def)             Requested size: 350.53915pt x 196.90251pt.

Underfull \hbox (badness 10000) in paragraph at lines 224--225

 []


Underfull \hbox (badness 10000) in paragraph at lines 226--227

 []


Underfull \hbox (badness 10000) in paragraph at lines 228--229

 []



[144 <./images/CMB_comparison.png>]
Underfull \hbox (badness 10000) in paragraph at lines 235--236

 []


Underfull \hbox (badness 10000) in paragraph at lines 241--242

 []


Underfull \hbox (badness 10000) in paragraph at lines 276--277

 []

LaTeX Font Info:    Trying to load font information for U+fplmbb on input line 
284.
(/usr/local/texlive/2025/texmf-dist/tex/latex/psnfss/ufplmbb.fd
File: ufplmbb.fd 2003/10/30 Fontinst v1.914 font definitions for U/fplmbb.
)
Underfull \hbox (badness 10000) in paragraph at lines 289--290

 []


Underfull \hbox (badness 10000) in paragraph at lines 297--299

 []


Underfull \hbox (badness 10000) in paragraph at lines 311--312

 []



[145]

[146]

[147]
Underfull \hbox (badness 10000) in paragraph at lines 323--325

 []


Underfull \hbox (badness 10000) in paragraph at lines 356--358

 []


Underfull \hbox (badness 10000) in paragraph at lines 364--365

 []


! LaTeX Error: There's no line here to end.

See the LaTeX manual or LaTeX Companion for explanation.
Type  H <return>  for immediate help.
 ...                                              
                                                  
l.376     A
           nd we can write the general result of the first integral as:
Your command was ignored.
Type  I <command> <return>  to replace it with another command,
or  <return>  to continue without it.


Underfull \hbox (badness 10000) in paragraph at lines 385--386

 []


Underfull \hbox (badness 10000) in paragraph at lines 402--403

 []

! Misplaced alignment tab character &.
l.406         P_l(\cos \gamma) &
                                = \frac{4\pi}{2l + 1} \sum_{m=-l}^{l} Y_{lm}...
I can't figure out why you would want to use a tab mark
here. If you just want an ampersand, the remedy is
simple: Just type `I\&' now. But if some right brace
up above has ended a previous alignment prematurely,
you're probably due for more error messages, and you
might try typing `S' now just to see what is salvageable.



[148

]

[149]

[150]
Underfull \hbox (badness 10000) in paragraph at lines 452--453

 []

! Undefined control sequence.
l.460     Or we can said that $\forall m \in \Z
                                               $, we have:
The control sequence at the end of the top line
of your error message was never \def'ed. If you have
misspelled it (e.g., `\hobx'), type `I' and the correct
spelling (e.g., `I\hbox'). Otherwise just continue,
and I'll forget about whatever was undefined.


Underfull \hbox (badness 10000) in paragraph at lines 463--464

 []


Underfull \hbox (badness 10000) in paragraph at lines 471--473

 []



[151

]

[152]
Underfull \hbox (badness 10000) in paragraph at lines 535--537

 []



[153]
Underfull \hbox (badness 10000) in paragraph at lines 545--546

 []

<images/Real_Spherical_Harmonics_Figure_Table_Complex_2D.png, id=1805, 1927.2pt
 x 1009.7725pt>
File: images/Real_Spherical_Harmonics_Figure_Table_Complex_2D.png Graphic file 
(type png)
<use images/Real_Spherical_Harmonics_Figure_Table_Complex_2D.png>
Package pdftex.def Info: images/Real_Spherical_Harmonics_Figure_Table_Complex_2
D.png  used on input line 552.
(pdftex.def)             Requested size: 438.17227pt x 229.57722pt.
<images/Real_Spherical_Harmonics_Figure_Table_Complex_Polar_Plot.png, id=1806, 
2055.68pt x 1541.76pt>
File: images/Real_Spherical_Harmonics_Figure_Table_Complex_Polar_Plot.png Graph
ic file (type png)
<use images/Real_Spherical_Harmonics_Figure_Table_Complex_Polar_Plot.png>
Package pdftex.def Info: images/Real_Spherical_Harmonics_Figure_Table_Complex_P
olar_Plot.png  used on input line 560.
(pdftex.def)             Requested size: 394.35236pt x 295.76048pt.
<images/Real_Spherical_Harmonics_Figure_Table_Complex_Radial_Magnitude.png, id=
1807, 1284.8pt x 963.6pt>
File: images/Real_Spherical_Harmonics_Figure_Table_Complex_Radial_Magnitude.png
 Graphic file (type png)
<use images/Real_Spherical_Harmonics_Figure_Table_Complex_Radial_Magnitude.png>

Package pdftex.def Info: images/Real_Spherical_Harmonics_Figure_Table_Complex_R
adial_Magnitude.png  used on input line 567.
(pdftex.def)             Requested size: 394.35236pt x 295.75754pt.


[154

 <./images/Real_Spherical_Harmonics_Figure_Table_Complex_2D.png>]

[155 <./images/Real_Spherical_Harmonics_Figure_Table_Complex_Polar_Plot.png> <.
/images/Real_Spherical_Harmonics_Figure_Table_Complex_Radial_Magnitude.png>]
Underfull \hbox (badness 10000) in paragraph at lines 582--583

 []


Underfull \hbox (badness 10000) in paragraph at lines 587--589

 []


! LaTeX Error: There's no line here to end.

See the LaTeX manual or LaTeX Companion for explanation.
Type  H <return>  for immediate help.
 ...                                              
                                                  
l.609 
      
Your command was ignored.
Type  I <command> <return>  to replace it with another command,
or  <return>  to continue without it.



[156

]
Underfull \hbox (badness 10000) in paragraph at lines 638--640

 []



[157]

[158]
Underfull \hbox (badness 10000) in paragraph at lines 679--681

 []


Underfull \hbox (badness 10000) in paragraph at lines 702--703

 []


! LaTeX Error: There's no line here to end.

See the LaTeX manual or LaTeX Companion for explanation.
Type  H <return>  for immediate help.
 ...                                              
                                                  
l.739 
      
Your command was ignored.
Type  I <command> <return>  to replace it with another command,
or  <return>  to continue without it.



[159

]

[160]
<images/angular_power_spectrum.png, id=1844, 660.4675pt x 367.3725pt>
File: images/angular_power_spectrum.png Graphic file (type png)
<use images/angular_power_spectrum.png>
Package pdftex.def Info: images/angular_power_spectrum.png  used on input line 
775.
(pdftex.def)             Requested size: 350.53915pt x 194.98677pt.


[161 <./images/angular_power_spectrum.png>]
Underfull \hbox (badness 10000) in paragraph at lines 782--783

 []


Underfull \hbox (badness 10000) in paragraph at lines 784--785

 []


Underfull \hbox (badness 10000) in paragraph at lines 786--787

 []


! LaTeX Error: There's no line here to end.

See the LaTeX manual or LaTeX Companion for explanation.
Type  H <return>  for immediate help.
 ...                                              
                                                  
l.794 
      
Your command was ignored.
Type  I <command> <return>  to replace it with another command,
or  <return>  to continue without it.


Underfull \hbox (badness 10000) in paragraph at lines 795--796

 []



[162

]
Underfull \hbox (badness 10000) in paragraph at lines 833--835

 []



[163

]
<images/damped_harmonic_oscillator.png, id=1860, 670.505pt x 375.4025pt>
File: images/damped_harmonic_oscillator.png Graphic file (type png)
<use images/damped_harmonic_oscillator.png>
Package pdftex.def Info: images/damped_harmonic_oscillator.png  used on input l
ine 841.
(pdftex.def)             Requested size: 350.53915pt x 196.25867pt.


[164

 <./images/damped_harmonic_oscillator.png>]
Underfull \hbox (badness 10000) in paragraph at lines 875--876

 []


Underfull \hbox (badness 10000) in paragraph at lines 877--878

 []



[165]
Underfull \hbox (badness 10000) in paragraph at lines 941--943

 []



[166]
Underfull \hbox (badness 10000) in paragraph at lines 970--971

 []


! LaTeX Error: There's no line here to end.

See the LaTeX manual or LaTeX Companion for explanation.
Type  H <return>  for immediate help.
 ...                                              
                                                  
l.977 
      
Your command was ignored.
Type  I <command> <return>  to replace it with another command,
or  <return>  to continue without it.


Underfull \hbox (badness 10000) in paragraph at lines 978--980

 []


Underfull \hbox (badness 10000) in paragraph at lines 986--987

 []



[167]

[168]
Underfull \hbox (badness 10000) in paragraph at lines 1018--1019

 []

! Undefined control sequence.
<argument> ... _\gamma } \\ \dot {v} &= - \nabala 
                                                  \Theta \\ \dot {v} &= - i ...
l.1036     \end{align*}
                        \\
The control sequence at the end of the top line
of your error message was never \def'ed. If you have
misspelled it (e.g., `\hobx'), type `I' and the correct
spelling (e.g., `I\hbox'). Otherwise just continue,
and I'll forget about whatever was undefined.

! Undefined control sequence.
<argument> ... _\gamma } \\ \dot {v} &= - \nabala 
                                                  \Theta \\ \dot {v} &= - i ...
l.1036     \end{align*}
                        \\
The control sequence at the end of the top line
of your error message was never \def'ed. If you have
misspelled it (e.g., `\hobx'), type `I' and the correct
spelling (e.g., `I\hbox'). Otherwise just continue,
and I'll forget about whatever was undefined.


Underfull \hbox (badness 10000) in paragraph at lines 1036--1037

 []


Underfull \hbox (badness 10000) in paragraph at lines 1050--1052

 []



[169

]
Underfull \hbox (badness 10000) in paragraph at lines 1073--1074

 []



[170]
Underfull \hbox (badness 10000) in paragraph at lines 1094--1096

 []


Underfull \hbox (badness 10000) in paragraph at lines 1108--1110

 []


Underfull \hbox (badness 10000) in paragraph at lines 1124--1126

 []



[171

]
<images/angle_multipoles.png, id=1896, 369.38pt x 319.1925pt>
File: images/angle_multipoles.png Graphic file (type png)
<use images/angle_multipoles.png>
Package pdftex.def Info: images/angle_multipoles.png  used on input line 1136.
(pdftex.def)             Requested size: 219.08614pt x 189.32039pt.


[172 <./images/angle_multipoles.png>]

[173]
Underfull \hbox (badness 10000) in paragraph at lines 1184--1185

 []


Underfull \hbox (badness 10000) in paragraph at lines 1186--1187

 []


Underfull \hbox (badness 10000) in paragraph at lines 1247--1249

 []

! Undefined control sequence.
<argument> ... a^{-3} + \Omega _{\Lambda ,0} + (\1
                                                   - \Omega _{m,0} - \Omega ...
l.1259     \end{align*}
                       
The control sequence at the end of the top line
of your error message was never \def'ed. If you have
misspelled it (e.g., `\hobx'), type `I' and the correct
spelling (e.g., `I\hbox'). Otherwise just continue,
and I'll forget about whatever was undefined.

! Undefined control sequence.
<argument> ... a^{-3} + \Omega _{\Lambda ,0} + (\1
                                                   - \Omega _{m,0} - \Omega ...
l.1259     \end{align*}
                       
The control sequence at the end of the top line
of your error message was never \def'ed. If you have
misspelled it (e.g., `\hobx'), type `I' and the correct
spelling (e.g., `I\hbox'). Otherwise just continue,
and I'll forget about whatever was undefined.



[174

]

[175]
<images/omega_0_angular_power_spectrum.png, id=1918, 1723.43875pt x 656.4525pt>

File: images/omega_0_angular_power_spectrum.png Graphic file (type png)
<use images/omega_0_angular_power_spectrum.png>
Package pdftex.def Info: images/omega_0_angular_power_spectrum.png  used on inp
ut line 1276.
(pdftex.def)             Requested size: 394.35236pt x 150.20961pt.

Underfull \hbox (badness 10000) in paragraph at lines 1284--1285

 []


Underfull \hbox (badness 10000) in paragraph at lines 1286--1287

 []


Underfull \hbox (badness 10000) in paragraph at lines 1288--1289

 []


Underfull \hbox (badness 10000) in paragraph at lines 1290--1291

 []



[176

 <./images/omega_0_angular_power_spectrum.png>]
Underfull \hbox (badness 10000) in paragraph at lines 1296--1297

 []



[177

]
Underfull \hbox (badness 10000) in paragraph at lines 1319--1321

 []



[178

]

[179

]
Underfull \hbox (badness 10000) in paragraph at lines 1398--1399

 []


Underfull \hbox (badness 10000) in paragraph at lines 1400--1401

 []



[180]
Underfull \hbox (badness 10000) in paragraph at lines 1407--1408

 []


Underfull \hbox (badness 10000) in paragraph at lines 1409--1411

 []



[181]

[182

]
! Extra }, or forgotten \right.
<template> }
            $}\ifmeasuring@ \savefieldlength@ \fi \set@field \hfil \endtempl...
l.1553     \end{align*}
                       
I've deleted a group-closing symbol because it seems to be
spurious, as in `$x}$'. But perhaps the } is legitimate and
you forgot something else, as in `\hbox{$x}'. In such cases
the way to recover is to insert both the forgotten and the
deleted material, e.g., by typing `I$}'.

! Missing \right. inserted.
<inserted text> 
                \right .
l.1553     \end{align*}
                       
I've inserted something that you may have forgotten.
(See the <inserted text> above.)
With luck, this will get me unwedged. But if you
really didn't forget anything, try typing `2' now; then
my insertion and my current dilemma will both disappear.

! Missing } inserted.
<inserted text> 
                }
l.1553     \end{align*}
                       
I've inserted something that you may have forgotten.
(See the <inserted text> above.)
With luck, this will get me unwedged. But if you
really didn't forget anything, try typing `2' now; then
my insertion and my current dilemma will both disappear.

! Missing } inserted.
<inserted text> 
                }
l.1553     \end{align*}
                       
I've inserted something that you may have forgotten.
(See the <inserted text> above.)
With luck, this will get me unwedged. But if you
really didn't forget anything, try typing `2' now; then
my insertion and my current dilemma will both disappear.

! Extra \right.
<argument> ...ec}\,(2\sqrt {ABCD}+AD+BC)} \right ]
                                                   
l.1553     \end{align*}
                       
I'm ignoring a \right that had no matching \left.

! Missing { inserted.
<inserted text> 
                {
l.1553     \end{align*}
                       
I've put in what seems to be necessary to fix
the current column of the current alignment.
Try to go on, since this might almost work.

! Extra }, or forgotten \right.
<template> }
            $}\ifmeasuring@ \savefieldlength@ \fi \set@field \hfil \endtempl...
l.1553     \end{align*}
                       
I've deleted a group-closing symbol because it seems to be
spurious, as in `$x}$'. But perhaps the } is legitimate and
you forgot something else, as in `\hbox{$x}'. In such cases
the way to recover is to insert both the forgotten and the
deleted material, e.g., by typing `I$}'.

! Missing \right. inserted.
<inserted text> 
                \right .
l.1553     \end{align*}
                       
I've inserted something that you may have forgotten.
(See the <inserted text> above.)
With luck, this will get me unwedged. But if you
really didn't forget anything, try typing `2' now; then
my insertion and my current dilemma will both disappear.

! Missing } inserted.
<inserted text> 
                }
l.1553     \end{align*}
                       
I've inserted something that you may have forgotten.
(See the <inserted text> above.)
With luck, this will get me unwedged. But if you
really didn't forget anything, try typing `2' now; then
my insertion and my current dilemma will both disappear.

! Missing } inserted.
<inserted text> 
                }
l.1553     \end{align*}
                       
I've inserted something that you may have forgotten.
(See the <inserted text> above.)
With luck, this will get me unwedged. But if you
really didn't forget anything, try typing `2' now; then
my insertion and my current dilemma will both disappear.

! Extra \right.
<argument> ...ec}\,(2\sqrt {ABCD}+AD+BC)} \right ]
                                                   
l.1553     \end{align*}
                       
I'm ignoring a \right that had no matching \left.

! Missing \endgroup inserted.
<inserted text> 
                \endgroup 
l.1553     \end{align*}
                       
I've inserted something that you may have forgotten.
(See the <inserted text> above.)
With luck, this will get me unwedged. But if you
really didn't forget anything, try typing `2' now; then
my insertion and my current dilemma will both disappear.

! Misplaced \omit.
\math@cr@@@ ...@ \@ne \add@amps \maxfields@ \omit 
                                                  \kern -\alignsep@ \iftag@ ...
l.1553     \end{align*}
                       
I expect to see \omit only after tab marks or the \cr of
an alignment. Proceed, and I'll ignore this case.

! Missing { inserted.
<inserted text> 
                {
l.1553     \end{align*}
                       
I've put in what seems to be necessary to fix
the current column of the current alignment.
Try to go on, since this might almost work.

! Extra }, or forgotten \right.
<template> }
            $}\ifmeasuring@ \savefieldlength@ \fi \set@field \hfil \endtempl...
l.1567     \end{align*}
                       
I've deleted a group-closing symbol because it seems to be
spurious, as in `$x}$'. But perhaps the } is legitimate and
you forgot something else, as in `\hbox{$x}'. In such cases
the way to recover is to insert both the forgotten and the
deleted material, e.g., by typing `I$}'.

! Missing \right. inserted.
<inserted text> 
                \right .
l.1567     \end{align*}
                       
I've inserted something that you may have forgotten.
(See the <inserted text> above.)
With luck, this will get me unwedged. But if you
really didn't forget anything, try typing `2' now; then
my insertion and my current dilemma will both disappear.

! Missing } inserted.
<inserted text> 
                }
l.1567     \end{align*}
                       
I've inserted something that you may have forgotten.
(See the <inserted text> above.)
With luck, this will get me unwedged. But if you
really didn't forget anything, try typing `2' now; then
my insertion and my current dilemma will both disappear.

! Missing } inserted.
<inserted text> 
                }
l.1567     \end{align*}
                       
I've inserted something that you may have forgotten.
(See the <inserted text> above.)
With luck, this will get me unwedged. But if you
really didn't forget anything, try typing `2' now; then
my insertion and my current dilemma will both disappear.

! Extra \right.
<argument> ... _m\omega _\gamma \right )} \right ]
                                                   
l.1567     \end{align*}
                       
I'm ignoring a \right that had no matching \left.

! Missing { inserted.
<inserted text> 
                {
l.1567     \end{align*}
                       
I've put in what seems to be necessary to fix
the current column of the current alignment.
Try to go on, since this might almost work.

! Extra }, or forgotten \right.
<template> }
            $}\ifmeasuring@ \savefieldlength@ \fi \set@field \hfil \endtempl...
l.1567     \end{align*}
                       
I've deleted a group-closing symbol because it seems to be
spurious, as in `$x}$'. But perhaps the } is legitimate and
you forgot something else, as in `\hbox{$x}'. In such cases
the way to recover is to insert both the forgotten and the
deleted material, e.g., by typing `I$}'.

! Missing \right. inserted.
<inserted text> 
                \right .
l.1567     \end{align*}
                       
I've inserted something that you may have forgotten.
(See the <inserted text> above.)
With luck, this will get me unwedged. But if you
really didn't forget anything, try typing `2' now; then
my insertion and my current dilemma will both disappear.

! Missing } inserted.
<inserted text> 
                }
l.1567     \end{align*}
                       
I've inserted something that you may have forgotten.
(See the <inserted text> above.)
With luck, this will get me unwedged. But if you
really didn't forget anything, try typing `2' now; then
my insertion and my current dilemma will both disappear.

! Missing } inserted.
<inserted text> 
                }
l.1567     \end{align*}
                       
I've inserted something that you may have forgotten.
(See the <inserted text> above.)
With luck, this will get me unwedged. But if you
really didn't forget anything, try typing `2' now; then
my insertion and my current dilemma will both disappear.

! Extra \right.
<argument> ... _m\omega _\gamma \right )} \right ]
                                                   
l.1567     \end{align*}
                       
I'm ignoring a \right that had no matching \left.

! Missing \endgroup inserted.
<inserted text> 
                \endgroup 
l.1567     \end{align*}
                       
I've inserted something that you may have forgotten.
(See the <inserted text> above.)
With luck, this will get me unwedged. But if you
really didn't forget anything, try typing `2' now; then
my insertion and my current dilemma will both disappear.

! Misplaced \omit.
\math@cr@@@ ...@ \@ne \add@amps \maxfields@ \omit 
                                                  \kern -\alignsep@ \iftag@ ...
l.1567     \end{align*}
                       
I expect to see \omit only after tab marks or the \cr of
an alignment. Proceed, and I'll ignore this case.

! Missing { inserted.
<inserted text> 
                {
l.1567     \end{align*}
                       
I've put in what seems to be necessary to fix
the current column of the current alignment.
Try to go on, since this might almost work.


Overfull \hbox (6.19984pt too wide) detected at line 1583
\OML/zplm/m/it/12 l[] \OT1/zplm/m/n/12 = \OML/zplm/m/it/12 ^^Y[]\OT1/ppl/m/n/12
 ,  \OML/zplm/m/it/12 d[] \OT1/zplm/m/n/12 = [] [][] []\OT1/ppl/m/n/12 ,  \OML/
zplm/m/it/12 E\OT1/zplm/m/n/12 (\OML/zplm/m/it/12 a\OT1/zplm/m/n/12 ) = []\OT1/
ppl/m/n/12 .
 []


Underfull \hbox (badness 10000) in paragraph at lines 1615--1617

 []



[183

]

[184]

[185]

[186]

[187]
Underfull \hbox (badness 10000) in paragraph at lines 1705--1706

 []


Underfull \hbox (badness 10000) in paragraph at lines 1716--1718

 []



[188

]
Underfull \hbox (badness 10000) in paragraph at lines 1743--1745

 []


Underfull \hbox (badness 10000) in paragraph at lines 1750--1752

 []


Underfull \hbox (badness 10000) in paragraph at lines 1765--1767

 []


Underfull \hbox (badness 10000) in paragraph at lines 1768--1770

 []


Underfull \hbox (badness 10000) in paragraph at lines 1775--1777

 []



[189

]

[190]
<images/damping_tail.png, id=1986, 540.0175pt x 373.395pt>
File: images/damping_tail.png Graphic file (type png)
<use images/damping_tail.png>
Package pdftex.def Info: images/damping_tail.png  used on input line 1808.
(pdftex.def)             Requested size: 394.35236pt x 272.67863pt.


[191

 <./images/damping_tail.png>]
Underfull \hbox (badness 10000) in paragraph at lines 1819--1820

 []


Underfull \hbox (badness 10000) in paragraph at lines 1821--1822

 []


Underfull \hbox (badness 10000) in paragraph at lines 1833--1835

 []


Underfull \hbox (badness 10000) in paragraph at lines 1839--1841

 []


Underfull \hbox (badness 10000) in paragraph at lines 1857--1859

 []


Underfull \hbox (badness 10000) in paragraph at lines 1870--1872

 []


Underfull \hbox (badness 10000) in paragraph at lines 1873--1875

 []


Underfull \hbox (badness 10000) in paragraph at lines 1883--1885

 []


Underfull \hbox (badness 10000) in paragraph at lines 1893--1894

 []


Underfull \hbox (badness 10000) in paragraph at lines 1898--1900

 []


Underfull \hbox (badness 10000) in paragraph at lines 1901--1902

 []



[192

]

[193]

[194]
Underfull \hbox (badness 10000) in paragraph at lines 1936--1937

 []


Underfull \hbox (badness 10000) in paragraph at lines 1944--1945

 []


Underfull \hbox (badness 10000) in paragraph at lines 1946--1947

 []



[195]
Underfull \hbox (badness 10000) in paragraph at lines 1961--1963

 []


Underfull \hbox (badness 10000) in paragraph at lines 1968--1970

 []


Underfull \hbox (badness 10000) in paragraph at lines 1978--1980

 []


Underfull \hbox (badness 10000) in paragraph at lines 1993--1995

 []


! LaTeX Error: There's no line here to end.

See the LaTeX manual or LaTeX Companion for explanation.
Type  H <return>  for immediate help.
 ...                                              
                                                  
l.2007 
       
Your command was ignored.
Type  I <command> <return>  to replace it with another command,
or  <return>  to continue without it.


Underfull \hbox (badness 10000) in paragraph at lines 2018--2019

 []


Underfull \hbox (badness 10000) in paragraph at lines 2020--2022

 []



[196]

[197]

[198]

[199

]

Package hyperref Warning: Token not allowed in a PDF string (Unicode):
(hyperref)                removing `math shift' on input line 2058.


Package hyperref Warning: Token not allowed in a PDF string (Unicode):
(hyperref)                removing `\Lambda' on input line 2058.


Package hyperref Warning: Token not allowed in a PDF string (Unicode):
(hyperref)                removing `math shift' on input line 2058.


Underfull \hbox (badness 10000) in paragraph at lines 2061--2062

 []


Underfull \hbox (badness 10000) in paragraph at lines 2063--2064

 []


Underfull \hbox (badness 10000) in paragraph at lines 2065--2066

 []

) (./chapters/ch08_dark_matter.tex

[200

]
Chapter 8.

Underfull \hbox (badness 10000) in paragraph at lines 10--11

 []


Underfull \hbox (badness 10000) in paragraph at lines 17--18

 []



[201

]

[202

]
Underfull \hbox (badness 10000) in paragraph at lines 62--63

 []

<images/flat_rotation_curves.png, id=2042, 758.835pt x 394.47375pt>
File: images/flat_rotation_curves.png Graphic file (type png)
<use images/flat_rotation_curves.png>
Package pdftex.def Info: images/flat_rotation_curves.png  used on input line 70
.
(pdftex.def)             Requested size: 350.53915pt x 182.22455pt.

Underfull \hbox (badness 10000) in paragraph at lines 79--82

 []


Underfull \hbox (badness 10000) in paragraph at lines 83--84

 []



[203

 <./images/flat_rotation_curves.png>]

[204]
Underfull \hbox (badness 10000) in paragraph at lines 133--135

 []


Underfull \hbox (badness 10000) in paragraph at lines 139--141

 []



[205]
Underfull \hbox (badness 10000) in paragraph at lines 146--147

 []


Underfull \hbox (badness 10000) in paragraph at lines 148--149

 []


Underfull \hbox (badness 10000) in paragraph at lines 150--151

 []

<images/bullet_cluster.png, id=2058, 579.16376pt x 363.3575pt>
File: images/bullet_cluster.png Graphic file (type png)
<use images/bullet_cluster.png>
Package pdftex.def Info: images/bullet_cluster.png  used on input line 158.
(pdftex.def)             Requested size: 350.53915pt x 219.92343pt.

Underfull \hbox (badness 10000) in paragraph at lines 164--165

 []



[206

 <./images/bullet_cluster.png>]

[207]
Underfull \hbox (badness 10000) in paragraph at lines 187--188

 []



[208

]
<images/gravitational_microlensing.png, id=2073, 827.09pt x 614.295pt>
File: images/gravitational_microlensing.png Graphic file (type png)
<use images/gravitational_microlensing.png>
Package pdftex.def Info: images/gravitational_microlensing.png  used on input l
ine 195.
(pdftex.def)             Requested size: 262.90604pt x 195.26613pt.

Underfull \hbox (badness 10000) in paragraph at lines 203--204

 []


Underfull \hbox (badness 10000) in paragraph at lines 205--206

 []


Underfull \hbox (badness 10000) in paragraph at lines 207--208

 []


Underfull \hbox (badness 10000) in paragraph at lines 209--210

 []



[209

 <./images/gravitational_microlensing.png>]
Underfull \hbox (badness 10000) in paragraph at lines 219--220

 []



[210]
Underfull \hbox (badness 10000) in paragraph at lines 229--232

 []


Underfull \hbox (badness 10000) in paragraph at lines 233--234

 []

! Missing $ inserted.
<inserted text> 
                $
l.242         \item Electron: > 4.6 \times
                                           10^{26} \text{ years}
I've inserted a begin-math/end-math symbol since I think
you left one out. Proceed, with fingers crossed.


! LaTeX Error: Command \item invalid in math mode.

See the LaTeX manual or LaTeX Companion for explanation.
Type  H <return>  for immediate help.
 ...                                              
                                                  
l.243         \item
                    Muon: 2.2 \times 10^{-6} \text{ seconds}
Try typing  <return>  to proceed.
If that doesn't work, type  X <return>  to quit.

! Missing $ inserted.
<inserted text> 
                $
l.243         \item M
                     uon: 2.2 \times 10^{-6} \text{ seconds}
I've inserted a begin-math/end-math symbol since I think
you left one out. Proceed, with fingers crossed.

! Missing $ inserted.
<inserted text> 
                $
l.243         \item Muon: 2.2 \times
                                     10^{-6} \text{ seconds}
I've inserted a begin-math/end-math symbol since I think
you left one out. Proceed, with fingers crossed.


! LaTeX Error: Command \item invalid in math mode.

See the LaTeX manual or LaTeX Companion for explanation.
Type  H <return>  for immediate help.
 ...                                              
                                                  
l.244         \item
                    Tau: 2.9 \times 10^{-13} \text{ seconds}
Try typing  <return>  to proceed.
If that doesn't work, type  X <return>  to quit.

! Missing $ inserted.
<inserted text> 
                $
l.244         \item T
                     au: 2.9 \times 10^{-13} \text{ seconds}
I've inserted a begin-math/end-math symbol since I think
you left one out. Proceed, with fingers crossed.

! Missing $ inserted.
<inserted text> 
                $
l.244         \item Tau: 2.9 \times
                                    10^{-13} \text{ seconds}
I've inserted a begin-math/end-math symbol since I think
you left one out. Proceed, with fingers crossed.


! LaTeX Error: Command \item invalid in math mode.

See the LaTeX manual or LaTeX Companion for explanation.
Type  H <return>  for immediate help.
 ...                                              
                                                  
l.245         \item
                    Proton: > 10^{34} \text{ years (current experimental low...

Try typing  <return>  to proceed.
If that doesn't work, type  X <return>  to quit.

! Missing $ inserted.
<inserted text> 
                $
l.245         \item P
                     roton: > 10^{34} \text{ years (current experimental low...
I've inserted a begin-math/end-math symbol since I think
you left one out. Proceed, with fingers crossed.

! Missing $ inserted.
<inserted text> 
                $
l.245         \item Proton: > 10^
                                 {34} \text{ years (current experimental low...
I've inserted a begin-math/end-math symbol since I think
you left one out. Proceed, with fingers crossed.


! LaTeX Error: Command \item invalid in math mode.

See the LaTeX manual or LaTeX Companion for explanation.
Type  H <return>  for immediate help.
 ...                                              
                                                  
l.246         \item
                    Age of the universe: \approx 1.38 \times 10^{10} \text{ ...

Try typing  <return>  to proceed.
If that doesn't work, type  X <return>  to quit.

! Missing $ inserted.
<inserted text> 
                $
l.246         \item A
                     ge of the universe: \approx 1.38 \times 10^{10} \text{ ...
I've inserted a begin-math/end-math symbol since I think
you left one out. Proceed, with fingers crossed.

! Missing $ inserted.
<inserted text> 
                $
l.246         \item Age of the universe: \approx
                                                 1.38 \times 10^{10} \text{ ...
I've inserted a begin-math/end-math symbol since I think
you left one out. Proceed, with fingers crossed.


! LaTeX Error: Command \end{itemize} invalid in math mode.

See the LaTeX manual or LaTeX Companion for explanation.
Type  H <return>  for immediate help.
 ...                                              
                                                  
l.247     \end{itemize}
                       
Try typing  <return>  to proceed.
If that doesn't work, type  X <return>  to quit.

! Missing $ inserted.
<inserted text> 
                $
l.247     \end{itemize}
                       
I've inserted a begin-math/end-math symbol since I think
you left one out. Proceed, with fingers crossed.



[211

]
Underfull \hbox (badness 10000) in paragraph at lines 255--260

 []


Underfull \hbox (badness 10000) in paragraph at lines 269--271

 []


Underfull \hbox (badness 10000) in paragraph at lines 272--273

 []


Underfull \hbox (badness 10000) in paragraph at lines 277--278

 []


Underfull \hbox (badness 10000) in paragraph at lines 279--280

 []



[212

]
Underfull \hbox (badness 10000) in paragraph at lines 285--286

 []


Underfull \hbox (badness 10000) in paragraph at lines 287--289

 []


Underfull \hbox (badness 10000) in paragraph at lines 305--307

 []



[213]
Underfull \hbox (badness 10000) in paragraph at lines 348--349

 []


Underfull \hbox (badness 10000) in paragraph at lines 350--351

 []



[214]
Underfull \hbox (badness 10000) in paragraph at lines 368--370

 []


Underfull \hbox (badness 10000) in paragraph at lines 410--412

 []


Underfull \hbox (badness 10000) in paragraph at lines 419--421

 []


Underfull \hbox (badness 10000) in paragraph at lines 428--430

 []



[215]

[216]
Underfull \hbox (badness 10000) in paragraph at lines 449--450

 []


Underfull \hbox (badness 10000) in paragraph at lines 451--452

 []



[217]
Underfull \hbox (badness 10000) in paragraph at lines 518--520

 []



[218]

[219]

[220]
Underfull \hbox (badness 10000) in paragraph at lines 595--596

 []



[221

]

[222]
<images/comoving_number_density.png, id=2134, 471.7625pt x 467.7475pt>
File: images/comoving_number_density.png Graphic file (type png)
<use images/comoving_number_density.png>
Package pdftex.def Info: images/comoving_number_density.png  used on input line
 704.
(pdftex.def)             Requested size: 306.71924pt x 304.11076pt.

Underfull \hbox (badness 10000) in paragraph at lines 710--711

 []


Underfull \hbox (badness 10000) in paragraph at lines 712--713

 []


Underfull \hbox (badness 10000) in paragraph at lines 714--715

 []



[223

 <./images/comoving_number_density.png>]

[224]
<images/non_gravitational_DM_detection.png, id=2146, 405.515pt x 384.43625pt>
File: images/non_gravitational_DM_detection.png Graphic file (type png)
<use images/non_gravitational_DM_detection.png>
Package pdftex.def Info: images/non_gravitational_DM_detection.png  used on inp
ut line 745.
(pdftex.def)             Requested size: 240.99608pt x 228.4755pt.


[225

 <./images/non_gravitational_DM_detection.png>]
Underfull \hbox (badness 10000) in paragraph at lines 778--780

 []


Underfull \hbox (badness 10000) in paragraph at lines 792--794

 []



[226

]
Underfull \hbox (badness 10000) in paragraph at lines 809--811

 []


Underfull \hbox (badness 10000) in paragraph at lines 812--813

 []


Underfull \hbox (badness 10000) in paragraph at lines 817--819

 []



[227]
<images/DM_direct_detection_experiments.png, id=2161, 497.86pt x 355.3275pt>
File: images/DM_direct_detection_experiments.png Graphic file (type png)
<use images/DM_direct_detection_experiments.png>
Package pdftex.def Info: images/DM_direct_detection_experiments.png  used on in
put line 826.
(pdftex.def)             Requested size: 262.90604pt x 187.63951pt.


[228 <./images/DM_direct_detection_experiments.png>]
Underfull \hbox (badness 10000) in paragraph at lines 834--835

 []


Underfull \hbox (badness 10000) in paragraph at lines 840--842

 []


Underfull \hbox (badness 10000) in paragraph at lines 843--844

 []


Underfull \hbox (badness 10000) in paragraph at lines 865--867

 []


Underfull \hbox (badness 10000) in paragraph at lines 878--880

 []


Underfull \hbox (badness 10000) in paragraph at lines 911--913

 []



[229

]

[230]
Underfull \hbox (badness 10000) in paragraph at lines 941--943

 []



[231]
Underfull \hbox (badness 10000) in paragraph at lines 977--978

 []



[232]
<images/DM_exclusion.png, id=2186, 990.70125pt x 676.5275pt>
File: images/DM_exclusion.png Graphic file (type png)
<use images/DM_exclusion.png>
Package pdftex.def Info: images/DM_exclusion.png  used on input line 990.
(pdftex.def)             Requested size: 438.17227pt x 299.21114pt.

Underfull \hbox (badness 10000) in paragraph at lines 996--997

 []


Underfull \hbox (badness 10000) in paragraph at lines 998--999

 []


Underfull \hbox (badness 10000) in paragraph at lines 1000--1001

 []



[233 <./images/DM_exclusion.png>]
Underfull \hbox (badness 10000) in paragraph at lines 1008--1009

 []

<./images/DM_exclusion_2.png, id=2193, 677.53125pt x 490.08093pt>
File: ./images/DM_exclusion_2.png Graphic file (type png)
<use ./images/DM_exclusion_2.png>
Package pdftex.def Info: ./images/DM_exclusion_2.png  used on input line 1018.
(pdftex.def)             Requested size: 350.53915pt x 253.5648pt.


[234]
Underfull \hbox (badness 10000) in paragraph at lines 1024--1025

 []



[235 <./images/DM_exclusion_2.png>]
Underfull \hbox (badness 10000) in paragraph at lines 1037--1038

 []


Underfull \hbox (badness 10000) in paragraph at lines 1051--1053

 []



[236

]
<images/gamma_ray_fingerprints.png, id=2213, 889.3225pt x 437.635pt>
File: images/gamma_ray_fingerprints.png Graphic file (type png)
<use images/gamma_ray_fingerprints.png>
Package pdftex.def Info: images/gamma_ray_fingerprints.png  used on input line 
1079.
(pdftex.def)             Requested size: 416.26231pt x 204.8404pt.

Underfull \hbox (badness 10000) in paragraph at lines 1085--1086

 []


Underfull \hbox (badness 10000) in paragraph at lines 1087--1088

 []


Underfull \hbox (badness 10000) in paragraph at lines 1089--1090

 []


Underfull \hbox (badness 10000) in paragraph at lines 1091--1092

 []


Underfull \hbox (badness 10000) in paragraph at lines 1093--1094

 []



[237 <./images/gamma_ray_fingerprints.png>]

[238]
Underfull \hbox (badness 10000) in paragraph at lines 1102--1103

 []


Underfull \hbox (badness 10000) in paragraph at lines 1104--1105

 []


Underfull \hbox (badness 10000) in paragraph at lines 1112--1113

 []


Underfull \hbox (badness 10000) in paragraph at lines 1134--1136

 []



[239]
Underfull \hbox (badness 10000) in paragraph at lines 1148--1149

 []


Underfull \hbox (badness 10000) in paragraph at lines 1150--1152

 []



[240]
Underfull \hbox (badness 10000) in paragraph at lines 1163--1164

 []


Underfull \hbox (badness 10000) in paragraph at lines 1172--1173

 []


Underfull \hbox (badness 1728) in paragraph at lines 1178--1180
\T1/ppl/m/n/12 (+20) be the positron num-ber den-sity per unit en-ergy. Its uni
t is $\OT1/zplm/m/n/12 [\OML/zplm/m/it/12  \OT1/zplm/m/n/12 ] =
 []


Underfull \hbox (badness 10000) in paragraph at lines 1178--1180

 []



[241

]

[242]

[243]
<images/positron_fraction_energy_spectrum.png, id=2246, 476.78125pt x 365.365pt
>
File: images/positron_fraction_energy_spectrum.png Graphic file (type png)
<use images/positron_fraction_energy_spectrum.png>
Package pdftex.def Info: images/positron_fraction_energy_spectrum.png  used on 
input line 1306.
(pdftex.def)             Requested size: 284.8093pt x 218.26736pt.

Underfull \hbox (badness 1571) in paragraph at lines 1312--1313
[]\T1/ppl/m/n/12 (+20) The above fig-ure show the AMS-02 mea-sure-ment(red plot
) and other
 []


Underfull \hbox (badness 10000) in paragraph at lines 1312--1313

 []


Underfull \hbox (badness 10000) in paragraph at lines 1314--1315

 []


Underfull \hbox (badness 10000) in paragraph at lines 1316--1318

 []


Underfull \hbox (badness 10000) in paragraph at lines 1318--1319

 []



[244

 <./images/positron_fraction_energy_spectrum.png>]
<images/cosmic_rays_spectrum_mass.png, id=2253, 445.665pt x 359.3425pt>
File: images/cosmic_rays_spectrum_mass.png Graphic file (type png)
<use images/cosmic_rays_spectrum_mass.png>
Package pdftex.def Info: images/cosmic_rays_spectrum_mass.png  used on input li
ne 1327.
(pdftex.def)             Requested size: 284.8093pt x 229.64394pt.


[245 <./images/cosmic_rays_spectrum_mass.png>]
Underfull \hbox (badness 10000) in paragraph at lines 1334--1335

 []

<images/positron_fraction_energy_spectrum_2.png, id=2261, 830.10126pt x 690.58p
t>
File: images/positron_fraction_energy_spectrum_2.png Graphic file (type png)
<use images/positron_fraction_energy_spectrum_2.png>
Package pdftex.def Info: images/positron_fraction_energy_spectrum_2.png  used o
n input line 1343.
(pdftex.def)             Requested size: 350.53915pt x 291.62222pt.


[246

 <./images/positron_fraction_energy_spectrum_2.png>]
Underfull \hbox (badness 10000) in paragraph at lines 1372--1373

 []



[247

]
<images/collider_detection.png, id=2279, 589.20125pt x 436.63126pt>
File: images/collider_detection.png Graphic file (type png)
<use images/collider_detection.png>
Package pdftex.def Info: images/collider_detection.png  used on input line 1390
.
(pdftex.def)             Requested size: 306.71924pt x 227.29607pt.


[248 <./images/collider_detection.png>]
<images/DM_candidates.png, id=2286, 1785.67125pt x 1176.395pt>
File: images/DM_candidates.png Graphic file (type png)
<use images/DM_candidates.png>
Package pdftex.def Info: images/DM_candidates.png  used on input line 1429.
(pdftex.def)             Requested size: 372.4491pt x 245.36292pt.

Underfull \hbox (badness 10000) in paragraph at lines 1435--1436

 []


! LaTeX Error: There's no line here to end.

See the LaTeX manual or LaTeX Companion for explanation.
Type  H <return>  for immediate help.
 ...                                              
                                                  
l.1443 
       
Your command was ignored.
Type  I <command> <return>  to replace it with another command,
or  <return>  to continue without it.


Underfull \hbox (badness 10000) in paragraph at lines 1450--1451

 []



[249

 <./images/DM_candidates.png>]

[250]
<images/PBH.png, id=2297, 1297.84875pt x 829.0975pt>
File: images/PBH.png Graphic file (type png)
<use images/PBH.png>
Package pdftex.def Info: images/PBH.png  used on input line 1462.
(pdftex.def)             Requested size: 306.71924pt x 195.93857pt.

Underfull \hbox (badness 10000) in paragraph at lines 1468--1469

 []


Underfull \hbox (badness 10000) in paragraph at lines 1494--1495

 []



[251

 <./images/PBH.png>]) (./chapters/ch09_inflation.tex

[252]
Chapter 9.

Package hyperref Warning: Token not allowed in a PDF string (Unicode):
(hyperref)                removing `math shift' on input line 10.


Package hyperref Warning: Token not allowed in a PDF string (Unicode):
(hyperref)                removing `\Lambda' on input line 10.


Package hyperref Warning: Token not allowed in a PDF string (Unicode):
(hyperref)                removing `math shift' on input line 10.


Underfull \hbox (badness 10000) in paragraph at lines 33--35

 []


Underfull \hbox (badness 10000) in paragraph at lines 36--37

 []



[253

]
Underfull \hbox (badness 10000) in paragraph at lines 44--45

 []

<./images/flatness_problem.png, id=2314, 1001.7425pt x 558.085pt>
File: ./images/flatness_problem.png Graphic file (type png)
<use ./images/flatness_problem.png>
Package pdftex.def Info: ./images/flatness_problem.png  used on input line 52.
(pdftex.def)             Requested size: 350.53915pt x 195.2901pt.

Underfull \hbox (badness 10000) in paragraph at lines 73--74

 []



[254

 <./images/flatness_problem.png>]

[255]
Underfull \hbox (badness 10000) in paragraph at lines 112--113

 []

<./images/horizon_problem.png, id=2327, 517.935pt x 251.94125pt>
File: ./images/horizon_problem.png Graphic file (type png)
<use ./images/horizon_problem.png>
Package pdftex.def Info: ./images/horizon_problem.png  used on input line 120.
(pdftex.def)             Requested size: 350.53915pt x 170.522pt.


[256 <./images/horizon_problem.png>]
Underfull \hbox (badness 10000) in paragraph at lines 150--152

 []


Underfull \hbox (badness 10000) in paragraph at lines 160--162

 []



[257

]

[258]
<./images/inflation_model.png, id=2342, 888.31876pt x 566.115pt>
File: ./images/inflation_model.png Graphic file (type png)
<use ./images/inflation_model.png>
Package pdftex.def Info: ./images/inflation_model.png  used on input line 190.
(pdftex.def)             Requested size: 350.53915pt x 223.3927pt.

Underfull \hbox (badness 10000) in paragraph at lines 197--198

 []



[259

 <./images/inflation_model.png (PNG copy)>]
Underfull \hbox (badness 10000) in paragraph at lines 205--206

 []


Underfull \hbox (badness 10000) in paragraph at lines 214--215

 []


Underfull \hbox (badness 10000) in paragraph at lines 221--222

 []


Underfull \hbox (badness 10000) in paragraph at lines 223--224

 []


Underfull \hbox (badness 10000) in paragraph at lines 230--231

 []



[260

]
Underfull \hbox (badness 10000) in paragraph at lines 251--252

 []


Underfull \hbox (badness 10000) in paragraph at lines 253--254

 []



[261]
Underfull \hbox (badness 10000) in paragraph at lines 302--304

 []



[262]

[263]

[264]
Underfull \hbox (badness 10000) in paragraph at lines 391--393

 []

<./images/thomson_scattering.png, id=2369, 571.13374pt x 280.04625pt>
File: ./images/thomson_scattering.png Graphic file (type png)
<use ./images/thomson_scattering.png>
Package pdftex.def Info: ./images/thomson_scattering.png  used on input line 40
0.
(pdftex.def)             Requested size: 350.53915pt x 171.88342pt.

Underfull \hbox (badness 10000) in paragraph at lines 406--407

 []


Underfull \hbox (badness 10000) in paragraph at lines 408--409

 []


Underfull \hbox (badness 10000) in paragraph at lines 410--411

 []



[265 <./images/thomson_scattering.png>]
<./images/B-mode_pattern.png, id=2377, 445.665pt x 314.17375pt>
File: ./images/B-mode_pattern.png Graphic file (type png)
<use ./images/B-mode_pattern.png>
Package pdftex.def Info: ./images/B-mode_pattern.png  used on input line 418.
(pdftex.def)             Requested size: 350.53915pt x 247.1159pt.
) (./chapters/questions.tex

[266 <./images/B-mode_pattern.png>]
Chapter 10.
(./chapters/questions/q_ch01_fundamentals.tex

[267

]

[268]

[269]) (./chapters/questions/q_ch02_hubble_law_and_redshift.tex

[270]

[271

]

[272]) (./chapters/questions/q_ch03_cosmic_evolution.tex

[273]

[274

]

[275]

[276]

[277]
Overfull \hbox (2.06387pt too wide) in paragraph at lines 311--312
[]\T1/ppl/b/n/12 (-20) Phantom dark en-ergy \T1/ppl/m/n/12 (-20) ($\OML/zplm/m/
it/12 w[] \OT1/zplm/m/n/12 = \OMS/zplm/m/n/12 ^^@\OT1/ppl/m/n/12 (-20) 1.5$\T1/
ppl/m/n/12 (-20) , con-stant): Lo-cated at $\OT1/zplm/m/n/12 (\OML/zplm/m/it/12
 w[]\OT1/ppl/m/n/12 (-20) , \OML/zplm/m/it/12 w[]\OT1/zplm/m/n/12 ) = (\OMS/zpl
m/m/n/12 ^^@\OT1/ppl/m/n/12 (-20) 1.5, 0\OT1/zplm/m/n/12 )$\T1/ppl/m/n/12 (-20)
 ,
 []



[278]
<chapters/images/acceleration_plot.png, id=2538, 1004.553pt x 388.8126pt>
File: chapters/images/acceleration_plot.png Graphic file (type png)
<use chapters/images/acceleration_plot.png>
Package pdftex.def Info: chapters/images/acceleration_plot.png  used on input l
ine 361.
(pdftex.def)             Requested size: 394.35236pt x 152.63301pt.
) (./chapters/questions/q_ch04_standard_model.tex

[279]

[280 <./chapters/images/acceleration_plot.png>]

[281

]) (./chapters/questions/q_ch05_thermo_and_primordial_soup.tex

[282]

[283

]

[284]

[285]) (./chapters/questions/q_ch06_big_bang_nucleosynthesis.tex

[286]

[287

]) (./chapters/questions/q_ch07_cmb.tex

[288]

[289

]

[290]) (./chapters/questions/q_ch08_dark_matter.tex

[291]

[292

]
Overfull \hbox (73.17216pt too wide) detected at line 90
\OML/zplm/m/it/12 v \OT1/zplm/m/n/12 = (\OML/zplm/m/it/12 GMa[]\OT1/zplm/m/n/12
 )[] \OMS/zplm/m/n/12 ^^Y [][] ^^Y \OT1/ppl/m/n/12 2 \OMS/zplm/m/n/12 ^^B \OT1/
ppl/m/n/12 10[] [] \OMS/zplm/m/n/12 ^^Y \OT1/ppl/m/n/12 200 [].
 []



[293]) (./chapters/questions/q_ch09_inflation.tex

[294]

[295

])) (./chapters/appendix.tex

[296]
Appendix A.


[297

]
Appendix B.

Overfull \hbox (2.8729pt too wide) in paragraph at lines 50--53
[]$[][] \OML/zplm/m/it/12 ^^R \OT1/zplm/m/n/12 + [][] \OML/zplm/m/it/12 ^^R \OT
1/zplm/m/n/12 = \OT1/ppl/m/n/12 (-20) 1$\T1/ppl/m/n/12 (-20) , $[] \OML/zplm/m/
it/12 ^^R \OT1/zplm/m/n/12 = [] \OML/zplm/m/it/12 ^^R\OT1/zplm/m/n/12 / [] \OML
/zplm/m/it/12 ^^R$\T1/ppl/m/n/12 (-20) , $[]\OT1/zplm/m/n/12 (\OML/zplm/m/it/12
 A \OMS/zplm/m/n/12 ^^F \OML/zplm/m/it/12 B\OT1/zplm/m/n/12 ) = [] \OML/zplm/m/
it/12 A [] B \OMS/zplm/m/n/12 ^^F [] \OML/zplm/m/it/12 A [] B$\T1/ppl/m/n/12 (-
20) . 
 []



[298


]

[299

]
Underfull \hbox (badness 10000) in paragraph at lines 131--132

 []


Underfull \hbox (badness 10000) in paragraph at lines 136--137

 []


Underfull \hbox (badness 10000) in paragraph at lines 138--140

 []



[300

]

[301

]

[302

]
Appendix C.
! Missing $ inserted.
<inserted text> 
                $
l.269 ...           & $M_\text{Pl}$ & 2.176 \times
                                                   10^{-8} \,\mathrm{kg}$ \\
I've inserted a begin-math/end-math symbol since I think
you left one out. Proceed, with fingers crossed.



[303


]

[304

]
Overfull \hbox (23.4547pt too wide) in paragraph at lines 337--359
 [] 
 []



[305

]
Underfull \hbox (badness 10000) in paragraph at lines 395--396

 []



[306

])
Overfull \hbox (32.2523pt too wide) in paragraph at lines 152--152
\T1/cmtt/m/n/12 20in % 20opposite % 20directions % 20within ,[] then % 20brough
t % 20into % 20collision %
 []



[307


] (./main.aux)
 ***********
LaTeX2e <2024-11-01> patch level 2
L3 programming layer <2025-01-18>
 ***********


LaTeX Warning: Label(s) may have changed. Rerun to get cross-references right.


Package rerunfilecheck Warning: File `main.out' has changed.
(rerunfilecheck)                Rerun to get outlines right
(rerunfilecheck)                or use package `bookmark'.

Package rerunfilecheck Info: Checksums for `main.out':
(rerunfilecheck)             Before: EB9E280C43D40EF141E57B8ABD0E13CC;32966
(rerunfilecheck)             After:  77E8CAD80FEA04B9D2F44C18190FA4DB;34227.
Package logreq Info: Writing requests to 'main.run.xml'.
\openout1 = `main.run.xml'.

 ) 
Here is how much of TeX's memory you used:
 42872 strings out of 473190
 845687 string characters out of 5715800
 1718318 words of memory out of 5000000
 63942 multiletter control sequences out of 15000+600000
 673222 words of font info for 629 fonts, out of 8000000 for 9000
 1141 hyphenation exceptions out of 8191
 92i,20n,99p,1179b,1441s stack positions out of 10000i,1000n,20000p,200000b,200000s
</usr/local/texlive/2025/texmf-dist/fonts/type1/public/amsfonts/cm/cmex10.pfb
></usr/local/texlive/2025/texmf-dist/fonts/type1/public/amsfonts/cm/cmmi10.pfb>
</usr/local/texlive/2025/texmf-dist/fonts/type1/public/amsfonts/cm/cmr10.pfb></
usr/local/texlive/2025/texmf-dist/fonts/type1/public/amsfonts/cm/cmsy10.pfb></u
sr/local/texlive/2025/texmf-dist/fonts/type1/public/mathpazo/fplmbb.pfb></usr/l
ocal/texlive/2025/texmf-dist/fonts/type1/public/mathpazo/fplmr.pfb></usr/local/
texlive/2025/texmf-dist/fonts/type1/public/mathpazo/fplmri.pfb></usr/local/texl
ive/2025/texmf-dist/fonts/type1/public/amsfonts/symbols/msam10.pfb></usr/local/
texlive/2025/texmf-dist/fonts/type1/public/cm-super/sftt1200.pfb></usr/local/te
xlive/2025/texmf-dist/fonts/type1/urw/palatino/uplb8a.pfb></usr/local/texlive/2
025/texmf-dist/fonts/type1/urw/palatino/uplr8a.pfb></usr/local/texlive/2025/tex
mf-dist/fonts/type1/urw/palatino/uplri8a.pfb>
Output written on main.pdf (307 pages, 24974046 bytes).
PDF statistics:
 3064 PDF objects out of 3580 (max. 8388607)
 2426 compressed objects within 25 object streams
 817 named destinations out of 1000 (max. 500000)
 142582 words of extra memory for PDF output out of 154059 (max. 10000000)

